Time spent on page,Average mouse speed,Average time spent on fields,Average interval between fields,Average mouse angle change,Average variance of x-axis clicks,Jitter count,Tremors count,Backspace count,Repeated key count,isHuman
2.47,767.15,0.12,0.18,57.22,375967.0,1.0,0.0,0.0,0.0,FALSE
2.36,403.27,0.15,0.08,124.97,46363.0,1.0,0.0,0.0,0.0,FALSE
1.51,436.26,0.15,0.13,38.19,422569.0,1.0,0.0,0.0,0.0,FALSE
1.62,717.63,0.12,0.2,14.5,172999.0,1.0,0.0,0.0,0.0,FALSE
2.49,553.61,0.21,0.19,87.37,422111.0,1.0,0.0,0.0,0.0,FALSE
2.51,586.33,0.09,0.09,60.43,179345.0,1.0,0.0,0.0,0.0,FALSE
1.59,777.96,0.13,0.12,168.77,146033.0,1.0,0.0,0.0,0.0,FALSE
2.64,765.44,0.17,0.09,84.93,81089.0,1.0,0.0,0.0,0.0,FALSE
2.25,895.19,0.13,0.13,58.7,283740.0,1.0,0.0,0.0,0.0,FALSE
1.95,115.98,0.16,0.11,35.21,270946.0,1.0,0.0,0.0,0.0,FALSE
1.51,387.68,0.12,0.13,15.25,61139.0,1.0,0.0,0.0,0.0,FALSE
1.6,654.51,0.17,0.15,133.91,30369.0,1.0,0.0,0.0,0.0,FALSE
1.64,994.01,0.14,0.25,127.55,53645.0,1.0,0.0,0.0,0.0,FALSE
2.67,434.29,0.13,0.17,144.48,154485.0,1.0,0.0,0.0,0.0,FALSE
1.79,366.67,0.22,0.13,132.25,328542.0,1.0,0.0,0.0,0.0,FALSE
1.64,232.87,0.2,0.07,3.21,258451.0,1.0,0.0,0.0,0.0,FALSE
2.37,496.8,0.15,0.19,33.63,267525.0,1.0,0.0,0.0,0.0,FALSE
2.13,399.24,0.14,0.24,79.63,392777.0,1.0,0.0,0.0,0.0,FALSE
1.84,335.62,0.18,0.15,167.0,404151.0,1.0,0.0,0.0,0.0,FALSE
2.56,433.16,0.12,0.17,134.26,378915.0,1.0,0.0,0.0,0.0,FALSE
2.06,330.93,0.2,0.12,174.23,187082.0,1.0,0.0,0.0,0.0,FALSE
1.68,456.78,0.18,0.16,4.75,125612.0,1.0,0.0,0.0,0.0,FALSE
2.61,795.74,0.08,0.21,128.76,55824.0,1.0,0.0,0.0,0.0,FALSE
1.79,444.85,0.19,0.2,86.68,110331.0,1.0,0.0,0.0,0.0,FALSE
1.82,665.7,0.21,0.09,91.82,13609.0,1.0,0.0,0.0,0.0,FALSE
1.61,470.76,0.13,0.15,49.42,279461.0,1.0,0.0,0.0,0.0,FALSE
1.96,265.72,0.07,0.23,4.49,102204.0,1.0,0.0,0.0,0.0,FALSE
1.77,590.34,0.18,0.07,51.49,216395.0,1.0,0.0,0.0,0.0,FALSE
1.88,382.92,0.11,0.09,165.22,27803.0,1.0,0.0,0.0,0.0,FALSE
2.12,650.53,0.2,0.15,167.22,431562.0,1.0,0.0,0.0,0.0,FALSE
2.13,845.1,0.1,0.22,122.64,242647.0,1.0,0.0,0.0,0.0,FALSE
2.06,667.93,0.23,0.1,166.94,73187.0,1.0,0.0,0.0,0.0,FALSE
1.57,703.39,0.09,0.13,166.96,244569.0,1.0,0.0,0.0,0.0,FALSE
2.39,981.36,0.15,0.12,171.95,439139.0,1.0,0.0,0.0,0.0,FALSE
2.37,923.98,0.14,0.2,146.36,104026.0,1.0,0.0,0.0,0.0,FALSE
2.44,808.21,0.13,0.23,44.12,34910.0,1.0,0.0,0.0,0.0,FALSE
2.49,503.33,0.1,0.16,107.16,298555.0,1.0,0.0,0.0,0.0,FALSE
2.13,315.48,0.14,0.14,153.5,465952.0,1.0,0.0,0.0,0.0,FALSE
1.91,192.35,0.09,0.2,58.69,499027.0,1.0,0.0,0.0,0.0,FALSE
2.21,267.3,0.09,0.2,26.42,327299.0,1.0,0.0,0.0,0.0,FALSE
2.63,717.35,0.25,0.16,154.34,41685.0,1.0,0.0,0.0,0.0,FALSE
2.48,432.08,0.15,0.08,44.84,139569.0,1.0,0.0,0.0,0.0,FALSE
2.64,248.63,0.1,0.12,99.87,193412.0,1.0,0.0,0.0,0.0,FALSE
1.84,505.48,0.09,0.08,47.4,13113.0,1.0,0.0,0.0,0.0,FALSE
2.63,224.51,0.09,0.24,26.35,359137.0,1.0,0.0,0.0,0.0,FALSE
1.64,947.29,0.25,0.17,87.38,281679.0,1.0,0.0,0.0,0.0,FALSE
2.67,499.3,0.13,0.17,47.92,28339.0,1.0,0.0,0.0,0.0,FALSE
1.78,938.59,0.11,0.2,152.9,229922.0,1.0,0.0,0.0,0.0,FALSE
2.27,591.33,0.1,0.17,44.6,467872.0,1.0,0.0,0.0,0.0,FALSE
1.65,680.7,0.13,0.24,152.41,322589.0,1.0,0.0,0.0,0.0,FALSE
2.53,414.13,0.21,0.12,38.48,302892.0,1.0,0.0,0.0,0.0,FALSE
2.68,393.59,0.13,0.17,168.71,411322.0,1.0,0.0,0.0,0.0,FALSE
1.63,519.55,0.2,0.11,11.56,444802.0,1.0,0.0,0.0,0.0,FALSE
1.96,957.16,0.22,0.13,173.48,143894.0,1.0,0.0,0.0,0.0,FALSE
2.23,683.17,0.13,0.24,42.58,457016.0,1.0,0.0,0.0,0.0,FALSE
2.56,972.58,0.19,0.08,4.76,272961.0,1.0,0.0,0.0,0.0,FALSE
2.15,889.51,0.22,0.25,49.73,110006.0,1.0,0.0,0.0,0.0,FALSE
1.67,714.27,0.21,0.09,177.69,22886.0,1.0,0.0,0.0,0.0,FALSE
2.51,581.6,0.17,0.18,35.9,369494.0,1.0,0.0,0.0,0.0,FALSE
2.21,509.84,0.09,0.14,107.23,443075.0,1.0,0.0,0.0,0.0,FALSE
2.35,453.6,0.19,0.2,81.69,408508.0,1.0,0.0,0.0,0.0,FALSE
1.87,367.46,0.17,0.14,56.15,116339.0,1.0,0.0,0.0,0.0,FALSE
1.56,385.44,0.07,0.23,121.64,362624.0,1.0,0.0,0.0,0.0,FALSE
2.68,169.51,0.13,0.11,4.0,296317.0,1.0,0.0,0.0,0.0,FALSE
1.97,400.29,0.2,0.1,80.8,215897.0,1.0,0.0,0.0,0.0,FALSE
1.83,392.72,0.2,0.19,130.37,159248.0,1.0,0.0,0.0,0.0,FALSE
2.63,997.46,0.11,0.22,23.82,199541.0,1.0,0.0,0.0,0.0,FALSE
1.55,161.66,0.1,0.15,169.13,374153.0,1.0,0.0,0.0,0.0,FALSE
1.51,305.92,0.11,0.1,150.27,98472.0,1.0,0.0,0.0,0.0,FALSE
2.63,157.28,0.09,0.17,22.04,421344.0,1.0,0.0,0.0,0.0,FALSE
1.89,484.82,0.22,0.21,63.3,50200.0,1.0,0.0,0.0,0.0,FALSE
2.18,191.21,0.25,0.1,84.42,290024.0,1.0,0.0,0.0,0.0,FALSE
2.23,377.07,0.23,0.13,130.77,401007.0,1.0,0.0,0.0,0.0,FALSE
1.53,845.91,0.08,0.18,13.8,228662.0,1.0,0.0,0.0,0.0,FALSE
2.28,428.96,0.13,0.21,135.9,413802.0,1.0,0.0,0.0,0.0,FALSE
2.67,421.39,0.19,0.14,84.41,454741.0,1.0,0.0,0.0,0.0,FALSE
2.67,570.5,0.2,0.15,66.54,308384.0,1.0,0.0,0.0,0.0,FALSE
1.72,765.16,0.16,0.19,167.62,481614.0,1.0,0.0,0.0,0.0,FALSE
1.67,285.75,0.21,0.09,22.48,125672.0,1.0,0.0,0.0,0.0,FALSE
1.78,339.09,0.17,0.09,34.42,361904.0,1.0,0.0,0.0,0.0,FALSE
2.09,266.84,0.15,0.08,122.83,196132.0,1.0,0.0,0.0,0.0,FALSE
2.23,930.05,0.1,0.08,128.69,435967.0,1.0,0.0,0.0,0.0,FALSE
2.33,273.27,0.17,0.19,91.38,234190.0,1.0,0.0,0.0,0.0,FALSE
2.15,789.8,0.09,0.24,72.47,141280.0,1.0,0.0,0.0,0.0,FALSE
1.76,635.63,0.17,0.1,65.3,359152.0,1.0,0.0,0.0,0.0,FALSE
1.6,882.86,0.24,0.25,170.29,227486.0,1.0,0.0,0.0,0.0,FALSE
2.01,788.5,0.16,0.2,45.22,127222.0,1.0,0.0,0.0,0.0,FALSE
2.47,135.16,0.2,0.08,40.24,311325.0,1.0,0.0,0.0,0.0,FALSE
1.99,801.89,0.1,0.11,173.62,237865.0,1.0,0.0,0.0,0.0,FALSE
2.44,597.58,0.23,0.19,1.05,491551.0,1.0,0.0,0.0,0.0,FALSE
2.49,797.89,0.25,0.16,109.09,203447.0,1.0,0.0,0.0,0.0,FALSE
1.6,730.95,0.09,0.16,4.71,275218.0,1.0,0.0,0.0,0.0,FALSE
2.57,990.45,0.13,0.22,77.26,103818.0,1.0,0.0,0.0,0.0,FALSE
2.19,808.07,0.21,0.13,34.46,455217.0,1.0,0.0,0.0,0.0,FALSE
1.9,865.61,0.19,0.22,173.07,322169.0,1.0,0.0,0.0,0.0,FALSE
1.67,714.02,0.1,0.14,63.04,456238.0,1.0,0.0,0.0,0.0,FALSE
2.18,770.06,0.13,0.18,46.35,134613.0,1.0,0.0,0.0,0.0,FALSE
2.25,619.63,0.19,0.16,134.37,272510.0,1.0,0.0,0.0,0.0,FALSE
1.67,792.34,0.18,0.09,8.61,271832.0,1.0,0.0,0.0,0.0,FALSE
2.27,397.38,0.16,0.13,68.84,175766.0,1.0,0.0,0.0,0.0,FALSE
2.58,251.03,0.13,0.21,33.73,461875.0,1.0,0.0,0.0,0.0,FALSE
2.54,992.8,0.09,0.15,79.56,334486.0,1.0,0.0,0.0,0.0,FALSE
2.11,989.71,0.13,0.08,29.98,112510.0,1.0,0.0,0.0,0.0,FALSE
1.94,586.68,0.24,0.08,118.71,188443.0,1.0,0.0,0.0,0.0,FALSE
2.7,602.57,0.12,0.21,149.23,304462.0,1.0,0.0,0.0,0.0,FALSE
2.07,587.86,0.22,0.23,106.04,342327.0,1.0,0.0,0.0,0.0,FALSE
2.29,460.26,0.21,0.16,35.22,312179.0,1.0,0.0,0.0,0.0,FALSE
1.81,222.67,0.11,0.11,23.08,186014.0,1.0,0.0,0.0,0.0,FALSE
1.64,281.53,0.2,0.24,77.07,51345.0,1.0,0.0,0.0,0.0,FALSE
2.65,894.41,0.09,0.16,68.66,254610.0,1.0,0.0,0.0,0.0,FALSE
2.62,675.15,0.13,0.19,129.79,147882.0,1.0,0.0,0.0,0.0,FALSE
2.46,848.58,0.2,0.21,97.67,388749.0,1.0,0.0,0.0,0.0,FALSE
2.04,342.52,0.22,0.23,129.46,79535.0,1.0,0.0,0.0,0.0,FALSE
1.96,363.15,0.13,0.12,175.38,231631.0,1.0,0.0,0.0,0.0,FALSE
2.1,304.34,0.13,0.18,152.12,161118.0,1.0,0.0,0.0,0.0,FALSE
2.5,736.96,0.21,0.17,5.05,216042.0,1.0,0.0,0.0,0.0,FALSE
2.1,995.93,0.18,0.15,98.72,144158.0,1.0,0.0,0.0,0.0,FALSE
2.4,937.68,0.19,0.14,98.43,133301.0,1.0,0.0,0.0,0.0,FALSE
1.78,925.79,0.22,0.12,12.5,294518.0,1.0,0.0,0.0,0.0,FALSE
2.42,646.18,0.18,0.13,149.11,115729.0,1.0,0.0,0.0,0.0,FALSE
1.77,863.39,0.16,0.08,72.12,441970.0,1.0,0.0,0.0,0.0,FALSE
1.64,843.15,0.11,0.16,15.03,172720.0,1.0,0.0,0.0,0.0,FALSE
2.13,295.92,0.22,0.18,47.24,411424.0,1.0,0.0,0.0,0.0,FALSE
1.96,327.8,0.07,0.08,25.94,414341.0,1.0,0.0,0.0,0.0,FALSE
2.4,217.61,0.1,0.15,7.89,253949.0,1.0,0.0,0.0,0.0,FALSE
2.33,591.06,0.13,0.12,110.7,374913.0,1.0,0.0,0.0,0.0,FALSE
2.58,430.19,0.24,0.09,82.28,341529.0,1.0,0.0,0.0,0.0,FALSE
1.77,871.13,0.15,0.24,33.49,323437.0,1.0,0.0,0.0,0.0,FALSE
2.48,466.83,0.1,0.19,158.78,7773.0,1.0,0.0,0.0,0.0,FALSE
2.04,456.25,0.07,0.11,29.12,84864.0,1.0,0.0,0.0,0.0,FALSE
1.53,926.84,0.2,0.15,146.03,142279.0,1.0,0.0,0.0,0.0,FALSE
1.63,227.0,0.16,0.23,133.62,479183.0,1.0,0.0,0.0,0.0,FALSE
2.21,612.83,0.19,0.21,39.66,424754.0,1.0,0.0,0.0,0.0,FALSE
2.69,286.04,0.23,0.08,97.76,391900.0,1.0,0.0,0.0,0.0,FALSE
2.21,534.12,0.14,0.23,108.37,389841.0,1.0,0.0,0.0,0.0,FALSE
1.74,739.3,0.19,0.24,90.17,352301.0,1.0,0.0,0.0,0.0,FALSE
2.09,373.56,0.11,0.12,102.66,425618.0,1.0,0.0,0.0,0.0,FALSE
1.66,479.83,0.23,0.13,43.31,3043.0,1.0,0.0,0.0,0.0,FALSE
2.01,853.42,0.1,0.21,124.81,232415.0,1.0,0.0,0.0,0.0,FALSE
2.03,814.28,0.18,0.19,44.74,85098.0,1.0,0.0,0.0,0.0,FALSE
1.85,268.25,0.17,0.21,172.33,396605.0,1.0,0.0,0.0,0.0,FALSE
1.8,633.45,0.14,0.11,142.78,127293.0,1.0,0.0,0.0,0.0,FALSE
1.89,820.95,0.21,0.13,14.19,325079.0,1.0,0.0,0.0,0.0,FALSE
1.96,319.71,0.23,0.14,96.72,188618.0,1.0,0.0,0.0,0.0,FALSE
1.54,513.84,0.14,0.23,42.82,240492.0,1.0,0.0,0.0,0.0,FALSE
2.39,472.65,0.19,0.23,24.88,201484.0,1.0,0.0,0.0,0.0,FALSE
2.08,400.38,0.18,0.08,50.42,137697.0,1.0,0.0,0.0,0.0,FALSE
2.09,196.35,0.17,0.13,163.58,433430.0,1.0,0.0,0.0,0.0,FALSE
1.98,989.13,0.14,0.2,119.18,342024.0,1.0,0.0,0.0,0.0,FALSE
2.16,114.51,0.13,0.2,112.85,30948.0,1.0,0.0,0.0,0.0,FALSE
2.63,220.44,0.12,0.2,32.45,395852.0,1.0,0.0,0.0,0.0,FALSE
2.42,929.24,0.09,0.17,65.4,437308.0,1.0,0.0,0.0,0.0,FALSE
1.78,830.33,0.15,0.16,88.09,81066.0,1.0,0.0,0.0,0.0,FALSE
1.72,262.66,0.18,0.13,1.66,349221.0,1.0,0.0,0.0,0.0,FALSE
1.99,619.59,0.17,0.08,79.21,121692.0,1.0,0.0,0.0,0.0,FALSE
1.66,347.4,0.2,0.09,106.44,346421.0,1.0,0.0,0.0,0.0,FALSE
1.61,547.62,0.11,0.2,115.76,29846.0,1.0,0.0,0.0,0.0,FALSE
2.22,332.92,0.11,0.13,41.44,357582.0,1.0,0.0,0.0,0.0,FALSE
2.64,362.17,0.1,0.25,95.74,317938.0,1.0,0.0,0.0,0.0,FALSE
2.25,792.74,0.23,0.25,123.99,468882.0,1.0,0.0,0.0,0.0,FALSE
1.78,570.62,0.17,0.13,56.54,142425.0,1.0,0.0,0.0,0.0,FALSE
2.0,875.58,0.15,0.13,41.51,35151.0,1.0,0.0,0.0,0.0,FALSE
2.6,743.62,0.15,0.21,152.2,284649.0,1.0,0.0,0.0,0.0,FALSE
1.94,978.59,0.2,0.2,92.91,352514.0,1.0,0.0,0.0,0.0,FALSE
1.97,180.99,0.12,0.11,22.67,61578.0,1.0,0.0,0.0,0.0,FALSE
2.37,469.21,0.18,0.09,148.39,413560.0,1.0,0.0,0.0,0.0,FALSE
2.19,304.44,0.17,0.2,171.08,475073.0,1.0,0.0,0.0,0.0,FALSE
2.01,538.68,0.09,0.14,31.15,124234.0,1.0,0.0,0.0,0.0,FALSE
1.86,212.45,0.1,0.07,176.29,189565.0,1.0,0.0,0.0,0.0,FALSE
2.49,190.78,0.18,0.24,143.58,9684.0,1.0,0.0,0.0,0.0,FALSE
1.95,746.71,0.12,0.07,25.54,485490.0,1.0,0.0,0.0,0.0,FALSE
1.67,758.46,0.14,0.14,97.09,324780.0,1.0,0.0,0.0,0.0,FALSE
1.89,162.36,0.24,0.21,4.04,461240.0,1.0,0.0,0.0,0.0,FALSE
2.02,806.32,0.16,0.11,73.09,428206.0,1.0,0.0,0.0,0.0,FALSE
2.31,815.38,0.17,0.17,76.39,384869.0,1.0,0.0,0.0,0.0,FALSE
1.65,743.6,0.13,0.23,112.7,63000.0,1.0,0.0,0.0,0.0,FALSE
2.54,314.24,0.1,0.21,152.9,3221.0,1.0,0.0,0.0,0.0,FALSE
1.6,493.86,0.16,0.22,147.45,371297.0,1.0,0.0,0.0,0.0,FALSE
2.26,242.78,0.14,0.13,4.23,247879.0,1.0,0.0,0.0,0.0,FALSE
1.88,265.79,0.08,0.17,101.57,469640.0,1.0,0.0,0.0,0.0,FALSE
2.25,777.87,0.23,0.2,168.04,151824.0,1.0,0.0,0.0,0.0,FALSE
2.17,786.35,0.11,0.12,111.9,433549.0,1.0,0.0,0.0,0.0,FALSE
1.63,133.81,0.1,0.1,127.75,220046.0,1.0,0.0,0.0,0.0,FALSE
1.94,639.15,0.2,0.2,32.7,126238.0,1.0,0.0,0.0,0.0,FALSE
2.51,505.25,0.14,0.2,175.17,177584.0,1.0,0.0,0.0,0.0,FALSE
2.5,368.82,0.12,0.16,68.72,262177.0,1.0,0.0,0.0,0.0,FALSE
1.74,699.39,0.13,0.2,55.06,66486.0,1.0,0.0,0.0,0.0,FALSE
1.52,947.41,0.16,0.11,95.09,461000.0,1.0,0.0,0.0,0.0,FALSE
1.82,488.05,0.11,0.1,61.34,380615.0,1.0,0.0,0.0,0.0,FALSE
2.56,601.67,0.09,0.1,175.2,6637.0,1.0,0.0,0.0,0.0,FALSE
2.64,796.95,0.13,0.07,33.31,102796.0,1.0,0.0,0.0,0.0,FALSE
1.95,831.47,0.23,0.17,15.97,458674.0,1.0,0.0,0.0,0.0,FALSE
1.99,102.53,0.1,0.13,170.22,191216.0,1.0,0.0,0.0,0.0,FALSE
1.66,898.75,0.08,0.14,35.44,128841.0,1.0,0.0,0.0,0.0,FALSE
2.43,435.19,0.24,0.2,166.64,89179.0,1.0,0.0,0.0,0.0,FALSE
1.99,943.4,0.18,0.2,146.56,298149.0,1.0,0.0,0.0,0.0,FALSE
2.07,143.19,0.17,0.19,44.85,116186.0,1.0,0.0,0.0,0.0,FALSE
2.36,590.47,0.21,0.12,165.12,225336.0,1.0,0.0,0.0,0.0,FALSE
2.06,332.66,0.19,0.16,127.6,416517.0,1.0,0.0,0.0,0.0,FALSE
2.39,467.65,0.24,0.21,146.66,432334.0,1.0,0.0,0.0,0.0,FALSE
1.53,288.55,0.08,0.19,160.9,106313.0,1.0,0.0,0.0,0.0,FALSE
1.72,369.04,0.16,0.24,1.47,62743.0,1.0,0.0,0.0,0.0,FALSE
2.44,198.11,0.1,0.07,49.41,177376.0,1.0,0.0,0.0,0.0,FALSE
2.05,328.31,0.08,0.08,57.37,234872.0,1.0,0.0,0.0,0.0,FALSE
1.51,229.82,0.21,0.25,65.01,67371.0,1.0,0.0,0.0,0.0,FALSE
2.18,509.28,0.19,0.21,61.93,142666.0,1.0,0.0,0.0,0.0,FALSE
1.96,617.39,0.15,0.21,165.94,27644.0,1.0,0.0,0.0,0.0,FALSE
2.05,388.33,0.12,0.22,89.59,54933.0,1.0,0.0,0.0,0.0,FALSE
2.33,225.26,0.22,0.13,137.8,315242.0,1.0,0.0,0.0,0.0,FALSE
2.33,441.03,0.14,0.22,86.27,376562.0,1.0,0.0,0.0,0.0,FALSE
2.37,115.59,0.15,0.15,143.02,195060.0,1.0,0.0,0.0,0.0,FALSE
2.49,225.35,0.08,0.17,115.98,188330.0,1.0,0.0,0.0,0.0,FALSE
2.04,175.39,0.18,0.24,137.22,353985.0,1.0,0.0,0.0,0.0,FALSE
2.05,384.85,0.22,0.24,45.67,223633.0,1.0,0.0,0.0,0.0,FALSE
2.07,197.02,0.25,0.24,36.66,321403.0,1.0,0.0,0.0,0.0,FALSE
1.51,513.74,0.18,0.23,21.15,93303.0,1.0,0.0,0.0,0.0,FALSE
2.46,604.49,0.24,0.1,13.26,247990.0,1.0,0.0,0.0,0.0,FALSE
2.56,570.0,0.14,0.16,128.56,276739.0,1.0,0.0,0.0,0.0,FALSE
1.58,161.86,0.11,0.14,48.34,303197.0,1.0,0.0,0.0,0.0,FALSE
1.96,154.41,0.1,0.15,158.73,370368.0,1.0,0.0,0.0,0.0,FALSE
2.0,148.02,0.25,0.22,126.81,264225.0,1.0,0.0,0.0,0.0,FALSE
2.16,932.78,0.11,0.1,122.3,326616.0,1.0,0.0,0.0,0.0,FALSE
2.28,469.4,0.14,0.25,15.36,181075.0,1.0,0.0,0.0,0.0,FALSE
2.63,571.31,0.18,0.23,122.88,83757.0,1.0,0.0,0.0,0.0,FALSE
2.14,423.66,0.09,0.08,153.31,427273.0,1.0,0.0,0.0,0.0,FALSE
2.33,364.44,0.14,0.23,4.19,421498.0,1.0,0.0,0.0,0.0,FALSE
2.61,582.65,0.2,0.1,129.35,484508.0,1.0,0.0,0.0,0.0,FALSE
2.16,470.36,0.22,0.15,83.54,487566.0,1.0,0.0,0.0,0.0,FALSE
1.92,448.73,0.08,0.08,102.18,159017.0,1.0,0.0,0.0,0.0,FALSE
1.51,183.05,0.22,0.09,109.24,491352.0,1.0,0.0,0.0,0.0,FALSE
2.0,689.04,0.21,0.08,20.61,490461.0,1.0,0.0,0.0,0.0,FALSE
2.57,158.46,0.15,0.12,126.37,44074.0,1.0,0.0,0.0,0.0,FALSE
2.11,121.68,0.14,0.09,125.76,408007.0,1.0,0.0,0.0,0.0,FALSE
2.24,126.08,0.18,0.2,141.14,159211.0,1.0,0.0,0.0,0.0,FALSE
1.84,695.35,0.21,0.16,74.57,261647.0,1.0,0.0,0.0,0.0,FALSE
1.53,251.81,0.24,0.07,106.92,259423.0,1.0,0.0,0.0,0.0,FALSE
2.24,838.33,0.24,0.18,26.06,396509.0,1.0,0.0,0.0,0.0,FALSE
2.25,207.69,0.19,0.19,157.87,401651.0,1.0,0.0,0.0,0.0,FALSE
1.74,713.1,0.12,0.25,149.68,117651.0,1.0,0.0,0.0,0.0,FALSE
1.76,437.57,0.16,0.2,179.82,464254.0,1.0,0.0,0.0,0.0,FALSE
1.93,325.38,0.12,0.13,84.23,175430.0,1.0,0.0,0.0,0.0,FALSE
2.12,364.49,0.09,0.23,17.41,212182.0,1.0,0.0,0.0,0.0,FALSE
1.98,584.41,0.14,0.16,157.59,397096.0,1.0,0.0,0.0,0.0,FALSE
2.42,153.06,0.09,0.12,89.06,40201.0,1.0,0.0,0.0,0.0,FALSE
2.7,314.23,0.24,0.23,163.95,194477.0,1.0,0.0,0.0,0.0,FALSE
2.01,552.73,0.18,0.17,84.98,376830.0,1.0,0.0,0.0,0.0,FALSE
1.78,162.22,0.23,0.17,99.77,42952.0,1.0,0.0,0.0,0.0,FALSE
2.07,801.73,0.11,0.1,102.7,317508.0,1.0,0.0,0.0,0.0,FALSE
1.51,226.05,0.21,0.08,149.09,69853.0,1.0,0.0,0.0,0.0,FALSE
2.28,277.59,0.16,0.12,80.85,125547.0,1.0,0.0,0.0,0.0,FALSE
2.38,855.19,0.11,0.15,30.94,292279.0,1.0,0.0,0.0,0.0,FALSE
2.58,528.89,0.19,0.13,144.77,314206.0,1.0,0.0,0.0,0.0,FALSE
2.02,186.28,0.16,0.1,42.5,497012.0,1.0,0.0,0.0,0.0,FALSE
2.15,189.29,0.08,0.13,16.28,267659.0,1.0,0.0,0.0,0.0,FALSE
2.16,835.78,0.15,0.18,104.44,92091.0,1.0,0.0,0.0,0.0,FALSE
2.15,824.75,0.14,0.21,67.55,120869.0,1.0,0.0,0.0,0.0,FALSE
1.68,363.41,0.16,0.11,152.71,77326.0,1.0,0.0,0.0,0.0,FALSE
2.13,152.23,0.25,0.1,11.93,444211.0,1.0,0.0,0.0,0.0,FALSE
2.32,556.13,0.15,0.18,87.39,218924.0,1.0,0.0,0.0,0.0,FALSE
1.79,121.87,0.08,0.15,162.17,118494.0,1.0,0.0,0.0,0.0,FALSE
2.34,966.2,0.15,0.09,111.23,443638.0,1.0,0.0,0.0,0.0,FALSE
1.67,427.28,0.11,0.13,50.55,394981.0,1.0,0.0,0.0,0.0,FALSE
2.63,133.97,0.24,0.18,145.96,234127.0,1.0,0.0,0.0,0.0,FALSE
2.18,618.07,0.18,0.11,117.55,263042.0,1.0,0.0,0.0,0.0,FALSE
1.52,603.16,0.23,0.15,106.21,245703.0,1.0,0.0,0.0,0.0,FALSE
2.4,723.29,0.09,0.08,67.71,103031.0,1.0,0.0,0.0,0.0,FALSE
2.36,936.61,0.19,0.18,107.91,134252.0,1.0,0.0,0.0,0.0,FALSE
2.14,110.31,0.09,0.18,122.21,174110.0,1.0,0.0,0.0,0.0,FALSE
2.54,626.44,0.17,0.14,117.8,37139.0,1.0,0.0,0.0,0.0,FALSE
1.97,794.86,0.07,0.23,58.95,78950.0,1.0,0.0,0.0,0.0,FALSE
2.15,530.01,0.1,0.15,12.5,276610.0,1.0,0.0,0.0,0.0,FALSE
2.05,538.87,0.17,0.24,30.53,459685.0,1.0,0.0,0.0,0.0,FALSE
1.84,673.47,0.11,0.16,154.33,369446.0,1.0,0.0,0.0,0.0,FALSE
1.98,724.28,0.12,0.21,58.68,231016.0,1.0,0.0,0.0,0.0,FALSE
1.98,665.74,0.13,0.15,101.25,430208.0,1.0,0.0,0.0,0.0,FALSE
1.88,357.95,0.17,0.16,87.93,83130.0,1.0,0.0,0.0,0.0,FALSE
2.37,896.7,0.11,0.11,45.99,240835.0,1.0,0.0,0.0,0.0,FALSE
1.89,123.39,0.12,0.14,92.48,459611.0,1.0,0.0,0.0,0.0,FALSE
1.5,361.51,0.14,0.17,81.86,9609.0,1.0,0.0,0.0,0.0,FALSE
1.71,889.43,0.24,0.23,62.2,335006.0,1.0,0.0,0.0,0.0,FALSE
1.88,398.55,0.22,0.11,82.26,172787.0,1.0,0.0,0.0,0.0,FALSE
2.28,321.3,0.13,0.18,123.03,403036.0,1.0,0.0,0.0,0.0,FALSE
1.97,712.13,0.17,0.11,97.11,273364.0,1.0,0.0,0.0,0.0,FALSE
2.47,633.29,0.11,0.24,119.01,101151.0,1.0,0.0,0.0,0.0,FALSE
1.6,253.19,0.16,0.17,9.97,21332.0,1.0,0.0,0.0,0.0,FALSE
1.87,266.98,0.1,0.18,7.84,119046.0,1.0,0.0,0.0,0.0,FALSE
1.95,162.89,0.18,0.25,85.82,286713.0,1.0,0.0,0.0,0.0,FALSE
1.96,291.23,0.25,0.24,7.36,35629.0,1.0,0.0,0.0,0.0,FALSE
1.92,105.7,0.08,0.22,24.26,267179.0,1.0,0.0,0.0,0.0,FALSE
1.78,878.33,0.07,0.09,59.84,68393.0,1.0,0.0,0.0,0.0,FALSE
2.58,228.41,0.23,0.22,175.64,140948.0,1.0,0.0,0.0,0.0,FALSE
2.31,731.16,0.21,0.07,170.08,384387.0,1.0,0.0,0.0,0.0,FALSE
1.84,466.64,0.12,0.18,113.19,432474.0,1.0,0.0,0.0,0.0,FALSE
2.51,243.32,0.21,0.11,1.59,46244.0,1.0,0.0,0.0,0.0,FALSE
2.39,722.83,0.13,0.18,48.97,453782.0,1.0,0.0,0.0,0.0,FALSE
2.2,621.38,0.24,0.19,106.66,480400.0,1.0,0.0,0.0,0.0,FALSE
1.96,350.58,0.25,0.1,48.89,354263.0,1.0,0.0,0.0,0.0,FALSE
2.65,606.33,0.22,0.23,159.26,314865.0,1.0,0.0,0.0,0.0,FALSE
1.74,127.79,0.21,0.19,88.52,491161.0,1.0,0.0,0.0,0.0,FALSE
2.34,825.12,0.19,0.22,67.32,175573.0,1.0,0.0,0.0,0.0,FALSE
2.42,186.93,0.19,0.19,61.91,88309.0,1.0,0.0,0.0,0.0,FALSE
1.68,434.79,0.21,0.2,21.57,263022.0,1.0,0.0,0.0,0.0,FALSE
2.18,336.2,0.14,0.21,98.42,421568.0,1.0,0.0,0.0,0.0,FALSE
1.62,351.37,0.22,0.23,129.12,301331.0,1.0,0.0,0.0,0.0,FALSE
1.65,315.17,0.12,0.08,67.77,461374.0,1.0,0.0,0.0,0.0,FALSE
2.64,254.72,0.2,0.19,149.98,273370.0,1.0,0.0,0.0,0.0,FALSE
2.18,182.89,0.18,0.18,33.54,34394.0,1.0,0.0,0.0,0.0,FALSE
2.26,446.38,0.24,0.16,168.2,447618.0,1.0,0.0,0.0,0.0,FALSE
1.6,764.55,0.23,0.2,135.19,456526.0,1.0,0.0,0.0,0.0,FALSE
1.73,871.24,0.08,0.11,151.72,155917.0,1.0,0.0,0.0,0.0,FALSE
2.68,334.36,0.16,0.2,145.59,478702.0,1.0,0.0,0.0,0.0,FALSE
2.5,727.54,0.24,0.16,69.84,138351.0,1.0,0.0,0.0,0.0,FALSE
1.62,185.23,0.14,0.18,163.39,475607.0,1.0,0.0,0.0,0.0,FALSE
2.5,853.98,0.24,0.19,131.71,146111.0,1.0,0.0,0.0,0.0,FALSE
1.53,389.93,0.19,0.22,41.7,199700.0,1.0,0.0,0.0,0.0,FALSE
1.98,612.94,0.15,0.23,112.18,32064.0,1.0,0.0,0.0,0.0,FALSE
2.53,356.04,0.09,0.18,117.84,251066.0,1.0,0.0,0.0,0.0,FALSE
1.9,419.5,0.23,0.21,131.67,224564.0,1.0,0.0,0.0,0.0,FALSE
2.02,955.08,0.21,0.23,19.63,251483.0,1.0,0.0,0.0,0.0,FALSE
2.12,371.92,0.21,0.19,73.37,364125.0,1.0,0.0,0.0,0.0,FALSE
2.4,323.77,0.19,0.19,72.13,172105.0,1.0,0.0,0.0,0.0,FALSE
2.15,199.83,0.08,0.18,12.98,346096.0,1.0,0.0,0.0,0.0,FALSE
1.83,453.82,0.15,0.12,103.16,199633.0,1.0,0.0,0.0,0.0,FALSE
1.81,528.91,0.08,0.15,141.44,496617.0,1.0,0.0,0.0,0.0,FALSE
1.55,429.77,0.13,0.18,105.95,245783.0,1.0,0.0,0.0,0.0,FALSE
2.36,242.65,0.14,0.18,30.44,240246.0,1.0,0.0,0.0,0.0,FALSE
2.62,841.08,0.22,0.17,131.57,57106.0,1.0,0.0,0.0,0.0,FALSE
2.03,210.06,0.13,0.07,95.05,66705.0,1.0,0.0,0.0,0.0,FALSE
1.85,260.01,0.11,0.09,97.71,264969.0,1.0,0.0,0.0,0.0,FALSE
2.04,535.11,0.17,0.2,161.26,412322.0,1.0,0.0,0.0,0.0,FALSE
2.45,707.03,0.17,0.23,131.99,330214.0,1.0,0.0,0.0,0.0,FALSE
2.46,337.49,0.12,0.18,32.7,246275.0,1.0,0.0,0.0,0.0,FALSE
2.25,650.96,0.2,0.1,118.65,472787.0,1.0,0.0,0.0,0.0,FALSE
1.92,577.76,0.07,0.14,34.13,236277.0,1.0,0.0,0.0,0.0,FALSE
1.53,920.16,0.1,0.23,19.3,186487.0,1.0,0.0,0.0,0.0,FALSE
1.6,381.52,0.17,0.24,158.69,399841.0,1.0,0.0,0.0,0.0,FALSE
2.62,632.32,0.23,0.15,1.29,491538.0,1.0,0.0,0.0,0.0,FALSE
2.29,970.98,0.18,0.13,116.92,457122.0,1.0,0.0,0.0,0.0,FALSE
2.66,162.49,0.11,0.2,106.8,206602.0,1.0,0.0,0.0,0.0,FALSE
2.57,434.79,0.22,0.13,36.89,293517.0,1.0,0.0,0.0,0.0,FALSE
1.58,194.42,0.25,0.09,63.79,485539.0,1.0,0.0,0.0,0.0,FALSE
2.06,510.67,0.09,0.2,36.07,441062.0,1.0,0.0,0.0,0.0,FALSE
1.65,433.75,0.18,0.19,91.32,43307.0,1.0,0.0,0.0,0.0,FALSE
1.73,344.73,0.17,0.24,119.82,180905.0,1.0,0.0,0.0,0.0,FALSE
1.55,371.51,0.09,0.09,124.29,232986.0,1.0,0.0,0.0,0.0,FALSE
1.85,197.63,0.17,0.16,43.64,43521.0,1.0,0.0,0.0,0.0,FALSE
2.5,521.93,0.2,0.16,140.74,26944.0,1.0,0.0,0.0,0.0,FALSE
1.7,346.91,0.14,0.16,95.15,486389.0,1.0,0.0,0.0,0.0,FALSE
1.93,121.51,0.11,0.22,33.95,264092.0,1.0,0.0,0.0,0.0,FALSE
2.63,893.13,0.07,0.11,114.81,258768.0,1.0,0.0,0.0,0.0,FALSE
2.34,354.04,0.23,0.1,139.44,83458.0,1.0,0.0,0.0,0.0,FALSE
1.83,700.28,0.14,0.11,168.6,127390.0,1.0,0.0,0.0,0.0,FALSE
2.1,957.25,0.21,0.22,173.0,478693.0,1.0,0.0,0.0,0.0,FALSE
1.55,587.23,0.23,0.24,41.51,452897.0,1.0,0.0,0.0,0.0,FALSE
1.91,827.93,0.18,0.1,146.47,63367.0,1.0,0.0,0.0,0.0,FALSE
2.41,478.5,0.22,0.16,133.75,12552.0,1.0,0.0,0.0,0.0,FALSE
2.58,988.12,0.18,0.16,27.08,306760.0,1.0,0.0,0.0,0.0,FALSE
2.51,552.44,0.13,0.07,59.62,332032.0,1.0,0.0,0.0,0.0,FALSE
1.96,727.43,0.21,0.23,17.08,248742.0,1.0,0.0,0.0,0.0,FALSE
2.45,742.78,0.14,0.17,7.12,229115.0,1.0,0.0,0.0,0.0,FALSE
1.7,604.96,0.07,0.24,91.48,254371.0,1.0,0.0,0.0,0.0,FALSE
2.18,814.79,0.15,0.17,93.76,243609.0,1.0,0.0,0.0,0.0,FALSE
1.9,686.3,0.24,0.11,18.26,414946.0,1.0,0.0,0.0,0.0,FALSE
2.14,452.55,0.23,0.15,68.15,89544.0,1.0,0.0,0.0,0.0,FALSE
1.52,161.26,0.09,0.17,25.93,170948.0,1.0,0.0,0.0,0.0,FALSE
2.45,746.07,0.25,0.24,119.55,275617.0,1.0,0.0,0.0,0.0,FALSE
2.11,115.75,0.1,0.2,133.11,248550.0,1.0,0.0,0.0,0.0,FALSE
1.88,347.94,0.16,0.19,49.78,275383.0,1.0,0.0,0.0,0.0,FALSE
2.12,995.75,0.17,0.09,86.01,311513.0,1.0,0.0,0.0,0.0,FALSE
2.54,350.79,0.24,0.24,116.24,272360.0,1.0,0.0,0.0,0.0,FALSE
1.58,221.47,0.23,0.2,151.84,178505.0,1.0,0.0,0.0,0.0,FALSE
1.76,325.99,0.12,0.07,77.93,70743.0,1.0,0.0,0.0,0.0,FALSE
1.83,171.07,0.11,0.21,122.72,210819.0,1.0,0.0,0.0,0.0,FALSE
1.91,913.68,0.1,0.23,24.42,396599.0,1.0,0.0,0.0,0.0,FALSE
2.24,453.72,0.12,0.2,169.58,124484.0,1.0,0.0,0.0,0.0,FALSE
2.41,798.77,0.23,0.24,14.59,294286.0,1.0,0.0,0.0,0.0,FALSE
2.32,761.21,0.17,0.21,134.72,156954.0,1.0,0.0,0.0,0.0,FALSE
1.57,479.62,0.17,0.18,114.86,42326.0,1.0,0.0,0.0,0.0,FALSE
2.24,928.32,0.19,0.23,84.56,91590.0,1.0,0.0,0.0,0.0,FALSE
1.99,876.4,0.24,0.1,56.68,163705.0,1.0,0.0,0.0,0.0,FALSE
2.0,984.35,0.21,0.13,104.66,276016.0,1.0,0.0,0.0,0.0,FALSE
2.05,583.92,0.16,0.22,176.63,369693.0,1.0,0.0,0.0,0.0,FALSE
1.55,242.13,0.15,0.18,169.14,304632.0,1.0,0.0,0.0,0.0,FALSE
2.64,326.9,0.17,0.21,35.55,108010.0,1.0,0.0,0.0,0.0,FALSE
1.84,796.99,0.23,0.17,89.93,422244.0,1.0,0.0,0.0,0.0,FALSE
2.58,170.29,0.16,0.17,30.46,424343.0,1.0,0.0,0.0,0.0,FALSE
1.89,758.45,0.24,0.18,28.84,477446.0,1.0,0.0,0.0,0.0,FALSE
1.51,952.67,0.08,0.25,64.16,31373.0,1.0,0.0,0.0,0.0,FALSE
2.46,498.95,0.24,0.11,83.67,76971.0,1.0,0.0,0.0,0.0,FALSE
1.72,779.36,0.08,0.23,57.73,323613.0,1.0,0.0,0.0,0.0,FALSE
1.88,186.09,0.2,0.21,157.81,289670.0,1.0,0.0,0.0,0.0,FALSE
2.54,588.81,0.08,0.14,15.49,272798.0,1.0,0.0,0.0,0.0,FALSE
2.65,702.01,0.09,0.19,41.78,190791.0,1.0,0.0,0.0,0.0,FALSE
1.8,163.99,0.07,0.2,52.62,418393.0,1.0,0.0,0.0,0.0,FALSE
1.88,303.95,0.19,0.16,53.77,419075.0,1.0,0.0,0.0,0.0,FALSE
1.81,529.99,0.11,0.16,87.02,347174.0,1.0,0.0,0.0,0.0,FALSE
2.02,725.36,0.2,0.08,85.99,205306.0,1.0,0.0,0.0,0.0,FALSE
2.36,810.53,0.12,0.1,77.51,206615.0,1.0,0.0,0.0,0.0,FALSE
1.66,670.64,0.15,0.19,76.09,71433.0,1.0,0.0,0.0,0.0,FALSE
1.8,790.99,0.11,0.16,96.31,490071.0,1.0,0.0,0.0,0.0,FALSE
2.09,163.41,0.09,0.16,30.01,198381.0,1.0,0.0,0.0,0.0,FALSE
1.91,487.79,0.16,0.13,157.06,378743.0,1.0,0.0,0.0,0.0,FALSE
1.57,839.95,0.18,0.08,95.7,198167.0,1.0,0.0,0.0,0.0,FALSE
2.23,366.61,0.14,0.11,137.58,71921.0,1.0,0.0,0.0,0.0,FALSE
1.79,900.46,0.18,0.13,149.4,493157.0,1.0,0.0,0.0,0.0,FALSE
2.03,957.08,0.23,0.22,111.86,55181.0,1.0,0.0,0.0,0.0,FALSE
2.31,939.19,0.21,0.17,88.29,322185.0,1.0,0.0,0.0,0.0,FALSE
2.07,999.36,0.16,0.08,83.1,407671.0,1.0,0.0,0.0,0.0,FALSE
1.54,624.03,0.11,0.23,138.11,292801.0,1.0,0.0,0.0,0.0,FALSE
2.13,930.09,0.13,0.17,66.41,31655.0,1.0,0.0,0.0,0.0,FALSE
1.94,554.71,0.12,0.12,71.7,158633.0,1.0,0.0,0.0,0.0,FALSE
2.56,987.81,0.17,0.16,68.37,399748.0,1.0,0.0,0.0,0.0,FALSE
2.08,193.02,0.16,0.24,83.72,231407.0,1.0,0.0,0.0,0.0,FALSE
2.7,738.54,0.14,0.15,7.71,304392.0,1.0,0.0,0.0,0.0,FALSE
1.99,578.23,0.12,0.18,35.82,247672.0,1.0,0.0,0.0,0.0,FALSE
2.05,168.64,0.2,0.2,175.35,67506.0,1.0,0.0,0.0,0.0,FALSE
1.7,809.81,0.21,0.19,165.17,158063.0,1.0,0.0,0.0,0.0,FALSE
1.6,868.03,0.18,0.2,76.09,156124.0,1.0,0.0,0.0,0.0,FALSE
1.51,469.9,0.09,0.07,99.64,76660.0,1.0,0.0,0.0,0.0,FALSE
2.0,381.63,0.11,0.17,76.71,109625.0,1.0,0.0,0.0,0.0,FALSE
1.87,717.88,0.09,0.07,55.25,287081.0,1.0,0.0,0.0,0.0,FALSE
1.94,913.19,0.2,0.19,84.03,362166.0,1.0,0.0,0.0,0.0,FALSE
1.99,400.73,0.19,0.14,57.71,144017.0,1.0,0.0,0.0,0.0,FALSE
1.75,439.56,0.21,0.07,67.81,312651.0,1.0,0.0,0.0,0.0,FALSE
1.55,139.43,0.12,0.1,169.37,252497.0,1.0,0.0,0.0,0.0,FALSE
2.4,155.78,0.17,0.07,91.5,330066.0,1.0,0.0,0.0,0.0,FALSE
2.5,503.78,0.18,0.22,25.74,270538.0,1.0,0.0,0.0,0.0,FALSE
1.57,502.3,0.23,0.24,23.59,284111.0,1.0,0.0,0.0,0.0,FALSE
2.22,155.75,0.12,0.12,142.04,215552.0,1.0,0.0,0.0,0.0,FALSE
2.37,500.12,0.19,0.2,148.03,450968.0,1.0,0.0,0.0,0.0,FALSE
2.65,851.63,0.24,0.22,101.54,222544.0,1.0,0.0,0.0,0.0,FALSE
2.43,624.98,0.09,0.11,72.03,150647.0,1.0,0.0,0.0,0.0,FALSE
2.49,302.44,0.15,0.19,38.38,406750.0,1.0,0.0,0.0,0.0,FALSE
1.97,610.04,0.18,0.23,2.97,439696.0,1.0,0.0,0.0,0.0,FALSE
1.9,671.34,0.22,0.25,78.94,353826.0,1.0,0.0,0.0,0.0,FALSE
1.56,265.06,0.19,0.13,95.15,169589.0,1.0,0.0,0.0,0.0,FALSE
2.42,663.07,0.09,0.08,49.99,25245.0,1.0,0.0,0.0,0.0,FALSE
2.08,491.95,0.21,0.11,114.89,283828.0,1.0,0.0,0.0,0.0,FALSE
2.0,255.5,0.13,0.15,66.47,192276.0,1.0,0.0,0.0,0.0,FALSE
2.41,906.54,0.12,0.21,161.04,492166.0,1.0,0.0,0.0,0.0,FALSE
1.64,589.82,0.25,0.21,15.98,36927.0,1.0,0.0,0.0,0.0,FALSE
1.77,189.8,0.13,0.08,38.2,229864.0,1.0,0.0,0.0,0.0,FALSE
1.71,641.7,0.16,0.25,65.99,457301.0,1.0,0.0,0.0,0.0,FALSE
2.3,546.62,0.14,0.19,151.26,239523.0,1.0,0.0,0.0,0.0,FALSE
2.36,701.97,0.09,0.21,75.93,483505.0,1.0,0.0,0.0,0.0,FALSE
1.55,639.93,0.09,0.19,154.99,55310.0,1.0,0.0,0.0,0.0,FALSE
2.41,106.23,0.11,0.1,4.61,251589.0,1.0,0.0,0.0,0.0,FALSE
2.33,307.64,0.14,0.15,145.65,220876.0,1.0,0.0,0.0,0.0,FALSE
2.61,189.56,0.23,0.07,141.69,102704.0,1.0,0.0,0.0,0.0,FALSE
1.84,562.18,0.23,0.19,55.81,191215.0,1.0,0.0,0.0,0.0,FALSE
1.79,896.91,0.14,0.18,97.68,452881.0,1.0,0.0,0.0,0.0,FALSE
1.8,211.64,0.21,0.18,41.11,413319.0,1.0,0.0,0.0,0.0,FALSE
1.57,847.71,0.2,0.19,6.34,233173.0,1.0,0.0,0.0,0.0,FALSE
1.77,396.25,0.16,0.22,153.77,145294.0,1.0,0.0,0.0,0.0,FALSE
2.16,864.75,0.12,0.15,15.28,74194.0,1.0,0.0,0.0,0.0,FALSE
1.68,401.36,0.19,0.22,37.55,65173.0,1.0,0.0,0.0,0.0,FALSE
2.4,909.16,0.21,0.18,148.32,442805.0,1.0,0.0,0.0,0.0,FALSE
1.93,494.21,0.2,0.23,172.85,96343.0,1.0,0.0,0.0,0.0,FALSE
1.91,636.36,0.11,0.21,82.33,71947.0,1.0,0.0,0.0,0.0,FALSE
2.05,607.35,0.11,0.12,103.37,259505.0,1.0,0.0,0.0,0.0,FALSE
2.21,509.55,0.07,0.14,152.93,154732.0,1.0,0.0,0.0,0.0,FALSE
2.21,925.29,0.16,0.2,64.22,177646.0,1.0,0.0,0.0,0.0,FALSE
1.59,108.38,0.12,0.15,36.22,241725.0,1.0,0.0,0.0,0.0,FALSE
1.61,279.87,0.15,0.19,168.42,127675.0,1.0,0.0,0.0,0.0,FALSE
2.34,182.38,0.22,0.18,35.32,421041.0,1.0,0.0,0.0,0.0,FALSE
1.83,134.82,0.23,0.21,120.18,264945.0,1.0,0.0,0.0,0.0,FALSE
1.96,422.27,0.2,0.23,9.58,290686.0,1.0,0.0,0.0,0.0,FALSE
2.24,542.8,0.17,0.2,125.5,400232.0,1.0,0.0,0.0,0.0,FALSE
1.89,892.39,0.13,0.15,22.93,193159.0,1.0,0.0,0.0,0.0,FALSE
2.29,403.12,0.13,0.16,80.48,344069.0,1.0,0.0,0.0,0.0,FALSE
1.84,390.96,0.15,0.16,174.58,65954.0,1.0,0.0,0.0,0.0,FALSE
2.11,700.22,0.14,0.19,11.4,335232.0,1.0,0.0,0.0,0.0,FALSE
1.78,877.99,0.15,0.15,60.82,234157.0,1.0,0.0,0.0,0.0,FALSE
2.52,865.22,0.17,0.13,88.01,94347.0,1.0,0.0,0.0,0.0,FALSE
2.29,626.19,0.16,0.11,18.86,321271.0,1.0,0.0,0.0,0.0,FALSE
2.64,362.17,0.15,0.14,83.16,349647.0,1.0,0.0,0.0,0.0,FALSE
2.32,191.71,0.1,0.22,154.25,243886.0,1.0,0.0,0.0,0.0,FALSE
1.64,312.47,0.18,0.19,133.06,121535.0,1.0,0.0,0.0,0.0,FALSE
1.82,961.64,0.09,0.1,90.99,414773.0,1.0,0.0,0.0,0.0,FALSE
2.41,254.65,0.24,0.18,122.09,80140.0,1.0,0.0,0.0,0.0,FALSE
1.64,508.49,0.14,0.14,142.3,299259.0,1.0,0.0,0.0,0.0,FALSE
2.29,247.58,0.14,0.18,101.97,121575.0,1.0,0.0,0.0,0.0,FALSE
2.09,170.72,0.17,0.19,11.73,487265.0,1.0,0.0,0.0,0.0,FALSE
2.53,419.85,0.22,0.1,66.25,85196.0,1.0,0.0,0.0,0.0,FALSE
1.89,573.69,0.23,0.17,59.0,37221.0,1.0,0.0,0.0,0.0,FALSE
2.12,575.92,0.2,0.24,35.99,224731.0,1.0,0.0,0.0,0.0,FALSE
2.43,219.11,0.23,0.15,34.16,428234.0,1.0,0.0,0.0,0.0,FALSE
2.43,109.35,0.17,0.21,65.29,368548.0,1.0,0.0,0.0,0.0,FALSE
2.12,489.76,0.18,0.22,7.29,323373.0,1.0,0.0,0.0,0.0,FALSE
2.01,688.02,0.16,0.16,19.41,311997.0,1.0,0.0,0.0,0.0,FALSE
1.82,200.58,0.22,0.13,8.18,367134.0,1.0,0.0,0.0,0.0,FALSE
1.66,755.89,0.19,0.08,108.94,411044.0,1.0,0.0,0.0,0.0,FALSE
1.81,764.89,0.2,0.21,100.37,383952.0,1.0,0.0,0.0,0.0,FALSE
2.01,685.31,0.08,0.21,24.47,110426.0,1.0,0.0,0.0,0.0,FALSE
2.02,682.06,0.13,0.11,38.35,183423.0,1.0,0.0,0.0,0.0,FALSE
1.57,580.85,0.08,0.11,14.74,171293.0,1.0,0.0,0.0,0.0,FALSE
1.64,616.34,0.08,0.12,43.36,463724.0,1.0,0.0,0.0,0.0,FALSE
1.89,476.61,0.13,0.09,163.12,69487.0,1.0,0.0,0.0,0.0,FALSE
2.17,250.64,0.2,0.12,17.74,129138.0,1.0,0.0,0.0,0.0,FALSE
2.16,116.96,0.23,0.25,66.46,164642.0,1.0,0.0,0.0,0.0,FALSE
1.92,343.12,0.14,0.12,144.99,181375.0,1.0,0.0,0.0,0.0,FALSE
2.41,550.01,0.13,0.22,1.61,94848.0,1.0,0.0,0.0,0.0,FALSE
1.73,821.59,0.21,0.11,73.14,475505.0,1.0,0.0,0.0,0.0,FALSE
1.9,661.1,0.19,0.16,64.62,63963.0,1.0,0.0,0.0,0.0,FALSE
1.57,570.22,0.15,0.15,41.26,93726.0,1.0,0.0,0.0,0.0,FALSE
2.02,563.29,0.18,0.08,95.66,457821.0,1.0,0.0,0.0,0.0,FALSE
2.42,808.97,0.17,0.16,41.88,425130.0,1.0,0.0,0.0,0.0,FALSE
1.71,861.31,0.21,0.12,139.53,392095.0,1.0,0.0,0.0,0.0,FALSE
2.11,320.16,0.14,0.08,26.78,230035.0,1.0,0.0,0.0,0.0,FALSE
2.26,938.11,0.23,0.14,154.08,194551.0,1.0,0.0,0.0,0.0,FALSE
1.88,839.65,0.16,0.09,162.72,288791.0,1.0,0.0,0.0,0.0,FALSE
2.1,695.94,0.22,0.1,116.65,325689.0,1.0,0.0,0.0,0.0,FALSE
2.46,394.22,0.12,0.2,168.39,488997.0,1.0,0.0,0.0,0.0,FALSE
2.47,495.59,0.19,0.2,141.41,145976.0,1.0,0.0,0.0,0.0,FALSE
1.72,201.46,0.22,0.21,110.44,452890.0,1.0,0.0,0.0,0.0,FALSE
2.49,553.68,0.16,0.24,80.07,15250.0,1.0,0.0,0.0,0.0,FALSE
2.33,255.73,0.24,0.2,120.68,21229.0,1.0,0.0,0.0,0.0,FALSE
2.49,210.51,0.14,0.21,28.03,128146.0,1.0,0.0,0.0,0.0,FALSE
1.58,354.54,0.22,0.12,76.59,353612.0,1.0,0.0,0.0,0.0,FALSE
2.39,905.27,0.17,0.19,44.28,498627.0,1.0,0.0,0.0,0.0,FALSE
2.58,210.79,0.22,0.09,104.24,193603.0,1.0,0.0,0.0,0.0,FALSE
2.11,602.44,0.13,0.13,41.75,35767.0,1.0,0.0,0.0,0.0,FALSE
2.26,648.44,0.11,0.15,137.99,270134.0,1.0,0.0,0.0,0.0,FALSE
2.5,763.16,0.21,0.16,102.78,382816.0,1.0,0.0,0.0,0.0,FALSE
2.45,723.22,0.23,0.17,4.78,479995.0,1.0,0.0,0.0,0.0,FALSE
2.51,482.35,0.11,0.19,32.12,407012.0,1.0,0.0,0.0,0.0,FALSE
2.13,816.97,0.17,0.09,23.03,457959.0,1.0,0.0,0.0,0.0,FALSE
2.62,640.84,0.14,0.1,102.62,80870.0,1.0,0.0,0.0,0.0,FALSE
2.3,626.5,0.24,0.09,134.94,374445.0,1.0,0.0,0.0,0.0,FALSE
1.92,684.0,0.14,0.19,30.74,444908.0,1.0,0.0,0.0,0.0,FALSE
1.95,501.6,0.11,0.16,135.89,9894.0,1.0,0.0,0.0,0.0,FALSE
2.67,154.09,0.16,0.16,62.4,365168.0,1.0,0.0,0.0,0.0,FALSE
2.16,295.48,0.11,0.14,158.96,315522.0,1.0,0.0,0.0,0.0,FALSE
2.03,724.85,0.07,0.13,113.32,455595.0,1.0,0.0,0.0,0.0,FALSE
1.56,388.63,0.1,0.1,175.87,199180.0,1.0,0.0,0.0,0.0,FALSE
2.69,616.47,0.23,0.09,72.49,95129.0,1.0,0.0,0.0,0.0,FALSE
2.1,716.32,0.21,0.1,24.04,317316.0,1.0,0.0,0.0,0.0,FALSE
1.93,770.2,0.21,0.15,88.87,115749.0,1.0,0.0,0.0,0.0,FALSE
2.05,329.74,0.07,0.24,121.58,106262.0,1.0,0.0,0.0,0.0,FALSE
1.95,577.03,0.22,0.21,124.71,449953.0,1.0,0.0,0.0,0.0,FALSE
2.18,698.52,0.21,0.19,105.71,87611.0,1.0,0.0,0.0,0.0,FALSE
1.5,392.92,0.09,0.12,86.34,146514.0,1.0,0.0,0.0,0.0,FALSE
2.38,440.95,0.13,0.22,177.81,468041.0,1.0,0.0,0.0,0.0,FALSE
2.2,905.06,0.16,0.21,87.52,463537.0,1.0,0.0,0.0,0.0,FALSE
1.51,442.8,0.24,0.23,3.29,337351.0,1.0,0.0,0.0,0.0,FALSE
1.94,819.32,0.1,0.12,88.94,18737.0,1.0,0.0,0.0,0.0,FALSE
1.96,674.15,0.22,0.21,161.96,54356.0,1.0,0.0,0.0,0.0,FALSE
2.56,543.6,0.16,0.11,171.3,408360.0,1.0,0.0,0.0,0.0,FALSE
1.52,140.4,0.14,0.07,167.25,56345.0,1.0,0.0,0.0,0.0,FALSE
2.18,423.16,0.1,0.17,175.82,294416.0,1.0,0.0,0.0,0.0,FALSE
2.51,811.47,0.19,0.09,74.82,317548.0,1.0,0.0,0.0,0.0,FALSE
2.42,139.04,0.15,0.18,13.31,353301.0,1.0,0.0,0.0,0.0,FALSE
2.34,400.38,0.07,0.1,153.1,283808.0,1.0,0.0,0.0,0.0,FALSE
1.71,470.13,0.18,0.22,74.77,177735.0,1.0,0.0,0.0,0.0,FALSE
2.66,186.65,0.24,0.12,161.65,443398.0,1.0,0.0,0.0,0.0,FALSE
2.67,714.31,0.2,0.25,24.49,226011.0,1.0,0.0,0.0,0.0,FALSE
2.38,124.57,0.11,0.11,148.04,145502.0,1.0,0.0,0.0,0.0,FALSE
1.71,470.41,0.17,0.19,71.37,155738.0,1.0,0.0,0.0,0.0,FALSE
2.06,177.98,0.08,0.13,38.01,229561.0,1.0,0.0,0.0,0.0,FALSE
2.55,602.68,0.11,0.18,70.26,214206.0,1.0,0.0,0.0,0.0,FALSE
2.55,483.9,0.14,0.14,146.45,256490.0,1.0,0.0,0.0,0.0,FALSE
1.69,758.43,0.22,0.09,82.32,141939.0,1.0,0.0,0.0,0.0,FALSE
2.05,993.41,0.07,0.22,129.25,150636.0,1.0,0.0,0.0,0.0,FALSE
2.68,485.28,0.14,0.15,177.8,298104.0,1.0,0.0,0.0,0.0,FALSE
2.16,422.8,0.2,0.17,168.58,459428.0,1.0,0.0,0.0,0.0,FALSE
2.24,174.21,0.15,0.09,171.61,413452.0,1.0,0.0,0.0,0.0,FALSE
1.65,874.35,0.18,0.16,4.09,347381.0,1.0,0.0,0.0,0.0,FALSE
2.35,292.21,0.09,0.08,138.94,308366.0,1.0,0.0,0.0,0.0,FALSE
2.69,791.4,0.12,0.24,88.49,311446.0,1.0,0.0,0.0,0.0,FALSE
1.71,524.4,0.16,0.23,42.75,5100.0,1.0,0.0,0.0,0.0,FALSE
1.67,841.37,0.19,0.12,76.94,60619.0,1.0,0.0,0.0,0.0,FALSE
1.85,813.49,0.24,0.17,123.75,495958.0,1.0,0.0,0.0,0.0,FALSE
2.11,871.67,0.19,0.1,164.54,391228.0,1.0,0.0,0.0,0.0,FALSE
2.52,829.46,0.13,0.07,64.03,460970.0,1.0,0.0,0.0,0.0,FALSE
1.98,491.03,0.08,0.15,11.94,239569.0,1.0,0.0,0.0,0.0,FALSE
1.6,671.17,0.08,0.23,50.36,357016.0,1.0,0.0,0.0,0.0,FALSE
2.5,275.69,0.2,0.19,108.74,4560.0,1.0,0.0,0.0,0.0,FALSE
2.37,434.87,0.22,0.17,178.67,89092.0,1.0,0.0,0.0,0.0,FALSE
2.17,581.99,0.24,0.21,66.97,498570.0,1.0,0.0,0.0,0.0,FALSE
2.16,539.18,0.16,0.16,7.69,55713.0,1.0,0.0,0.0,0.0,FALSE
2.62,780.55,0.14,0.21,20.56,57978.0,1.0,0.0,0.0,0.0,FALSE
1.53,169.62,0.07,0.19,50.49,372955.0,1.0,0.0,0.0,0.0,FALSE
1.64,933.84,0.12,0.19,69.46,320818.0,1.0,0.0,0.0,0.0,FALSE
2.01,413.81,0.23,0.2,39.88,395111.0,1.0,0.0,0.0,0.0,FALSE
2.47,442.47,0.24,0.07,48.69,397906.0,1.0,0.0,0.0,0.0,FALSE
2.27,437.62,0.2,0.13,123.59,260465.0,1.0,0.0,0.0,0.0,FALSE
1.58,588.47,0.19,0.24,101.39,417959.0,1.0,0.0,0.0,0.0,FALSE
2.51,872.13,0.14,0.24,173.33,300472.0,1.0,0.0,0.0,0.0,FALSE
2.63,450.51,0.24,0.11,17.57,146580.0,1.0,0.0,0.0,0.0,FALSE
1.96,690.4,0.17,0.11,43.01,85829.0,1.0,0.0,0.0,0.0,FALSE
1.84,283.56,0.23,0.17,170.56,57854.0,1.0,0.0,0.0,0.0,FALSE
1.61,574.83,0.12,0.19,101.63,179508.0,1.0,0.0,0.0,0.0,FALSE
1.54,438.45,0.12,0.15,32.96,23683.0,1.0,0.0,0.0,0.0,FALSE
2.53,886.47,0.14,0.11,69.04,407060.0,1.0,0.0,0.0,0.0,FALSE
2.27,675.27,0.14,0.13,170.47,99861.0,1.0,0.0,0.0,0.0,FALSE
1.58,708.78,0.15,0.23,169.08,345006.0,1.0,0.0,0.0,0.0,FALSE
2.14,217.39,0.19,0.13,169.71,161468.0,1.0,0.0,0.0,0.0,FALSE
1.55,392.63,0.24,0.1,153.0,397613.0,1.0,0.0,0.0,0.0,FALSE
2.13,982.77,0.2,0.13,105.5,468414.0,1.0,0.0,0.0,0.0,FALSE
2.62,449.24,0.23,0.22,78.41,122059.0,1.0,0.0,0.0,0.0,FALSE
2.43,378.48,0.17,0.22,70.19,311280.0,1.0,0.0,0.0,0.0,FALSE
2.07,505.91,0.1,0.17,132.61,461101.0,1.0,0.0,0.0,0.0,FALSE
1.51,575.83,0.17,0.18,155.34,303657.0,1.0,0.0,0.0,0.0,FALSE
1.83,901.16,0.16,0.22,41.29,327488.0,1.0,0.0,0.0,0.0,FALSE
1.72,931.71,0.14,0.17,116.02,452761.0,1.0,0.0,0.0,0.0,FALSE
1.67,504.76,0.15,0.23,1.25,245736.0,1.0,0.0,0.0,0.0,FALSE
2.19,761.43,0.16,0.11,178.14,103829.0,1.0,0.0,0.0,0.0,FALSE
2.68,540.06,0.17,0.19,45.19,463255.0,1.0,0.0,0.0,0.0,FALSE
1.92,849.44,0.13,0.09,8.71,310948.0,1.0,0.0,0.0,0.0,FALSE
2.5,288.61,0.19,0.14,77.43,347125.0,1.0,0.0,0.0,0.0,FALSE
1.79,952.91,0.16,0.2,139.34,221852.0,1.0,0.0,0.0,0.0,FALSE
1.99,523.4,0.07,0.14,34.4,201404.0,1.0,0.0,0.0,0.0,FALSE
2.68,523.18,0.22,0.25,138.63,152193.0,1.0,0.0,0.0,0.0,FALSE
1.83,300.64,0.09,0.1,178.17,75973.0,1.0,0.0,0.0,0.0,FALSE
2.54,899.89,0.13,0.16,139.72,351683.0,1.0,0.0,0.0,0.0,FALSE
2.57,152.29,0.15,0.18,114.21,249825.0,1.0,0.0,0.0,0.0,FALSE
2.04,732.74,0.21,0.24,136.57,112797.0,1.0,0.0,0.0,0.0,FALSE
2.66,419.02,0.08,0.12,158.16,325103.0,1.0,0.0,0.0,0.0,FALSE
2.44,716.51,0.1,0.2,55.13,462267.0,1.0,0.0,0.0,0.0,FALSE
1.7,537.88,0.1,0.13,162.9,178410.0,1.0,0.0,0.0,0.0,FALSE
2.0,876.21,0.08,0.24,33.3,77251.0,1.0,0.0,0.0,0.0,FALSE
1.5,908.82,0.25,0.18,36.47,494838.0,1.0,0.0,0.0,0.0,FALSE
1.56,840.89,0.08,0.14,26.11,389713.0,1.0,0.0,0.0,0.0,FALSE
2.49,352.92,0.15,0.25,127.73,369880.0,1.0,0.0,0.0,0.0,FALSE
2.07,317.82,0.13,0.24,134.98,298444.0,1.0,0.0,0.0,0.0,FALSE
1.93,805.41,0.09,0.19,160.72,20341.0,1.0,0.0,0.0,0.0,FALSE
2.5,226.52,0.19,0.22,63.67,110450.0,1.0,0.0,0.0,0.0,FALSE
2.31,868.98,0.14,0.2,56.52,218422.0,1.0,0.0,0.0,0.0,FALSE
1.82,114.32,0.12,0.22,117.34,191648.0,1.0,0.0,0.0,0.0,FALSE
1.67,409.46,0.11,0.13,163.22,477985.0,1.0,0.0,0.0,0.0,FALSE
2.52,284.91,0.15,0.09,38.26,304967.0,1.0,0.0,0.0,0.0,FALSE
1.62,411.74,0.19,0.14,102.99,179377.0,1.0,0.0,0.0,0.0,FALSE
1.92,216.07,0.21,0.11,42.66,138066.0,1.0,0.0,0.0,0.0,FALSE
2.34,514.47,0.07,0.07,153.13,385966.0,1.0,0.0,0.0,0.0,FALSE
1.69,361.31,0.19,0.24,110.2,349220.0,1.0,0.0,0.0,0.0,FALSE
2.3,345.44,0.25,0.1,147.7,308675.0,1.0,0.0,0.0,0.0,FALSE
2.19,341.83,0.09,0.15,33.45,478386.0,1.0,0.0,0.0,0.0,FALSE
1.55,147.54,0.14,0.17,120.09,323755.0,1.0,0.0,0.0,0.0,FALSE
2.05,130.69,0.19,0.12,123.02,290689.0,1.0,0.0,0.0,0.0,FALSE
1.68,541.75,0.19,0.1,5.43,327962.0,1.0,0.0,0.0,0.0,FALSE
1.53,196.49,0.11,0.13,71.67,83993.0,1.0,0.0,0.0,0.0,FALSE
2.29,415.09,0.2,0.09,119.09,297591.0,1.0,0.0,0.0,0.0,FALSE
2.57,837.16,0.18,0.16,14.42,59613.0,1.0,0.0,0.0,0.0,FALSE
1.86,953.83,0.2,0.22,82.75,152945.0,1.0,0.0,0.0,0.0,FALSE
2.2,494.13,0.09,0.1,43.85,239140.0,1.0,0.0,0.0,0.0,FALSE
2.7,216.91,0.18,0.13,92.22,15365.0,1.0,0.0,0.0,0.0,FALSE
1.95,473.79,0.13,0.15,155.23,15271.0,1.0,0.0,0.0,0.0,FALSE
1.72,843.21,0.23,0.09,64.36,159409.0,1.0,0.0,0.0,0.0,FALSE
2.47,555.5,0.23,0.18,167.33,208832.0,1.0,0.0,0.0,0.0,FALSE
2.63,259.59,0.18,0.17,108.43,329016.0,1.0,0.0,0.0,0.0,FALSE
1.8,722.05,0.19,0.21,60.74,226261.0,1.0,0.0,0.0,0.0,FALSE
2.01,406.76,0.11,0.22,37.68,272046.0,1.0,0.0,0.0,0.0,FALSE
2.64,313.81,0.09,0.13,176.1,184721.0,1.0,0.0,0.0,0.0,FALSE
2.35,548.38,0.13,0.09,150.09,266571.0,1.0,0.0,0.0,0.0,FALSE
2.11,207.25,0.1,0.17,49.75,215192.0,1.0,0.0,0.0,0.0,FALSE
2.01,411.79,0.15,0.17,125.89,373407.0,1.0,0.0,0.0,0.0,FALSE
1.68,531.66,0.17,0.16,108.26,208443.0,1.0,0.0,0.0,0.0,FALSE
1.77,668.12,0.15,0.23,130.57,283889.0,1.0,0.0,0.0,0.0,FALSE
2.52,134.32,0.14,0.2,124.87,424882.0,1.0,0.0,0.0,0.0,FALSE
2.52,806.27,0.25,0.09,151.92,394432.0,1.0,0.0,0.0,0.0,FALSE
2.18,301.61,0.11,0.21,178.09,118224.0,1.0,0.0,0.0,0.0,FALSE
2.1,450.31,0.13,0.12,47.61,54373.0,1.0,0.0,0.0,0.0,FALSE
1.86,900.95,0.09,0.14,8.19,182106.0,1.0,0.0,0.0,0.0,FALSE
1.73,618.96,0.24,0.2,11.25,74675.0,1.0,0.0,0.0,0.0,FALSE
2.65,159.42,0.24,0.07,89.04,198914.0,1.0,0.0,0.0,0.0,FALSE
2.59,346.41,0.24,0.22,88.93,30165.0,1.0,0.0,0.0,0.0,FALSE
2.47,990.45,0.12,0.14,153.07,87377.0,1.0,0.0,0.0,0.0,FALSE
1.63,540.01,0.22,0.2,32.42,26532.0,1.0,0.0,0.0,0.0,FALSE
1.61,702.33,0.2,0.12,108.92,222771.0,1.0,0.0,0.0,0.0,FALSE
1.79,791.5,0.22,0.14,75.53,201988.0,1.0,0.0,0.0,0.0,FALSE
1.61,129.34,0.15,0.11,68.14,194153.0,1.0,0.0,0.0,0.0,FALSE
2.45,280.7,0.24,0.16,114.58,139570.0,1.0,0.0,0.0,0.0,FALSE
1.82,723.99,0.13,0.13,22.31,79415.0,1.0,0.0,0.0,0.0,FALSE
2.53,310.76,0.2,0.11,70.79,484307.0,1.0,0.0,0.0,0.0,FALSE
1.52,175.34,0.08,0.15,74.73,325649.0,1.0,0.0,0.0,0.0,FALSE
1.58,343.76,0.13,0.1,124.52,35804.0,1.0,0.0,0.0,0.0,FALSE
2.48,973.97,0.09,0.08,16.05,186299.0,1.0,0.0,0.0,0.0,FALSE
1.89,713.25,0.22,0.16,75.95,391749.0,1.0,0.0,0.0,0.0,FALSE
1.52,250.73,0.14,0.2,118.15,333779.0,1.0,0.0,0.0,0.0,FALSE
2.07,218.12,0.09,0.22,98.42,6526.0,1.0,0.0,0.0,0.0,FALSE
2.18,704.87,0.19,0.11,61.71,329964.0,1.0,0.0,0.0,0.0,FALSE
1.85,760.09,0.24,0.2,4.29,216606.0,1.0,0.0,0.0,0.0,FALSE
1.64,929.93,0.19,0.08,157.24,306601.0,1.0,0.0,0.0,0.0,FALSE
2.35,740.25,0.24,0.12,5.83,89570.0,1.0,0.0,0.0,0.0,FALSE
1.55,395.32,0.19,0.13,29.12,368954.0,1.0,0.0,0.0,0.0,FALSE
1.72,643.16,0.11,0.22,118.06,241172.0,1.0,0.0,0.0,0.0,FALSE
1.68,339.14,0.13,0.22,22.76,372879.0,1.0,0.0,0.0,0.0,FALSE
2.28,766.32,0.13,0.09,70.86,5674.0,1.0,0.0,0.0,0.0,FALSE
2.03,132.85,0.24,0.23,147.67,422770.0,1.0,0.0,0.0,0.0,FALSE
2.02,656.4,0.1,0.11,146.42,214927.0,1.0,0.0,0.0,0.0,FALSE
1.82,248.35,0.18,0.13,49.3,198664.0,1.0,0.0,0.0,0.0,FALSE
1.95,524.66,0.16,0.15,76.62,356368.0,1.0,0.0,0.0,0.0,FALSE
1.93,808.84,0.17,0.15,156.04,364295.0,1.0,0.0,0.0,0.0,FALSE
1.67,456.14,0.23,0.12,50.54,349310.0,1.0,0.0,0.0,0.0,FALSE
2.36,318.75,0.15,0.19,81.28,263900.0,1.0,0.0,0.0,0.0,FALSE
2.5,212.05,0.2,0.09,146.3,246034.0,1.0,0.0,0.0,0.0,FALSE
2.6,561.32,0.11,0.2,125.41,383107.0,1.0,0.0,0.0,0.0,FALSE
2.53,893.4,0.14,0.2,17.68,404587.0,1.0,0.0,0.0,0.0,FALSE
1.86,340.85,0.1,0.11,25.09,447607.0,1.0,0.0,0.0,0.0,FALSE
2.25,584.3,0.14,0.11,105.75,496126.0,1.0,0.0,0.0,0.0,FALSE
2.35,457.82,0.17,0.15,133.79,58747.0,1.0,0.0,0.0,0.0,FALSE
1.78,945.95,0.17,0.16,175.49,121349.0,1.0,0.0,0.0,0.0,FALSE
2.52,722.04,0.16,0.15,21.08,456426.0,1.0,0.0,0.0,0.0,FALSE
2.34,331.99,0.21,0.21,94.72,308389.0,1.0,0.0,0.0,0.0,FALSE
1.66,594.26,0.12,0.19,78.03,66746.0,1.0,0.0,0.0,0.0,FALSE
2.69,428.12,0.15,0.16,160.16,226293.0,1.0,0.0,0.0,0.0,FALSE
2.4,692.18,0.23,0.19,137.28,88022.0,1.0,0.0,0.0,0.0,FALSE
2.19,962.54,0.14,0.21,111.64,221647.0,1.0,0.0,0.0,0.0,FALSE
2.55,569.39,0.08,0.2,100.82,273163.0,1.0,0.0,0.0,0.0,FALSE
2.55,753.53,0.17,0.17,13.74,113923.0,1.0,0.0,0.0,0.0,FALSE
2.25,961.45,0.1,0.19,67.37,120855.0,1.0,0.0,0.0,0.0,FALSE
2.34,160.45,0.13,0.23,141.35,353618.0,1.0,0.0,0.0,0.0,FALSE
1.97,509.81,0.19,0.15,5.2,161788.0,1.0,0.0,0.0,0.0,FALSE
2.58,705.02,0.22,0.07,99.43,143215.0,1.0,0.0,0.0,0.0,FALSE
1.82,412.6,0.1,0.11,60.61,272443.0,1.0,0.0,0.0,0.0,FALSE
1.95,904.9,0.15,0.2,86.68,499030.0,1.0,0.0,0.0,0.0,FALSE
1.66,903.81,0.1,0.09,145.87,131712.0,1.0,0.0,0.0,0.0,FALSE
1.57,531.04,0.1,0.13,116.64,26282.0,1.0,0.0,0.0,0.0,FALSE
2.23,803.66,0.16,0.15,124.35,129349.0,1.0,0.0,0.0,0.0,FALSE
2.32,800.04,0.16,0.17,17.1,354076.0,1.0,0.0,0.0,0.0,FALSE
2.34,563.09,0.18,0.14,28.6,104914.0,1.0,0.0,0.0,0.0,FALSE
2.68,129.07,0.13,0.1,105.83,420524.0,1.0,0.0,0.0,0.0,FALSE
2.25,357.2,0.21,0.19,89.54,410239.0,1.0,0.0,0.0,0.0,FALSE
1.79,337.79,0.24,0.21,16.53,341843.0,1.0,0.0,0.0,0.0,FALSE
1.86,757.11,0.23,0.11,30.98,78725.0,1.0,0.0,0.0,0.0,FALSE
2.06,196.3,0.1,0.15,42.82,54579.0,1.0,0.0,0.0,0.0,FALSE
1.83,808.18,0.18,0.16,73.75,341485.0,1.0,0.0,0.0,0.0,FALSE
2.27,145.99,0.16,0.24,101.18,370972.0,1.0,0.0,0.0,0.0,FALSE
2.66,178.88,0.15,0.16,116.63,318791.0,1.0,0.0,0.0,0.0,FALSE
2.42,323.61,0.21,0.09,55.37,92719.0,1.0,0.0,0.0,0.0,FALSE
1.96,826.16,0.23,0.16,33.21,245523.0,1.0,0.0,0.0,0.0,FALSE
2.66,102.96,0.1,0.08,12.13,138463.0,1.0,0.0,0.0,0.0,FALSE
2.28,639.39,0.08,0.12,131.3,144319.0,1.0,0.0,0.0,0.0,FALSE
2.69,753.82,0.19,0.12,88.88,93328.0,1.0,0.0,0.0,0.0,FALSE
2.39,147.68,0.12,0.09,68.36,117152.0,1.0,0.0,0.0,0.0,FALSE
1.86,118.61,0.14,0.18,3.39,26690.0,1.0,0.0,0.0,0.0,FALSE
2.5,772.53,0.08,0.16,89.43,55214.0,1.0,0.0,0.0,0.0,FALSE
1.73,314.07,0.23,0.15,113.42,56924.0,1.0,0.0,0.0,0.0,FALSE
2.43,800.62,0.09,0.19,114.55,444204.0,1.0,0.0,0.0,0.0,FALSE
2.68,802.39,0.21,0.12,40.29,44328.0,1.0,0.0,0.0,0.0,FALSE
2.35,897.02,0.17,0.22,125.79,124640.0,1.0,0.0,0.0,0.0,FALSE
2.67,196.8,0.13,0.1,16.28,383744.0,1.0,0.0,0.0,0.0,FALSE
1.59,885.22,0.22,0.12,74.86,46826.0,1.0,0.0,0.0,0.0,FALSE
1.54,373.98,0.07,0.16,132.95,79473.0,1.0,0.0,0.0,0.0,FALSE
2.17,422.28,0.15,0.13,72.43,241377.0,1.0,0.0,0.0,0.0,FALSE
1.93,608.21,0.18,0.1,165.19,207928.0,1.0,0.0,0.0,0.0,FALSE
1.7,352.38,0.11,0.19,157.0,458507.0,1.0,0.0,0.0,0.0,FALSE
1.81,712.89,0.1,0.09,39.13,289473.0,1.0,0.0,0.0,0.0,FALSE
2.38,462.09,0.19,0.14,98.03,312748.0,1.0,0.0,0.0,0.0,FALSE
2.02,430.67,0.16,0.12,102.44,241567.0,1.0,0.0,0.0,0.0,FALSE
1.57,301.76,0.21,0.1,157.16,47812.0,1.0,0.0,0.0,0.0,FALSE
2.49,488.1,0.24,0.12,137.74,366603.0,1.0,0.0,0.0,0.0,FALSE
2.04,550.07,0.23,0.17,37.84,118406.0,1.0,0.0,0.0,0.0,FALSE
1.9,683.91,0.21,0.14,4.13,195531.0,1.0,0.0,0.0,0.0,FALSE
2.24,774.19,0.14,0.24,93.13,257752.0,1.0,0.0,0.0,0.0,FALSE
1.56,631.88,0.09,0.09,115.7,281083.0,1.0,0.0,0.0,0.0,FALSE
1.55,121.57,0.2,0.22,152.06,191053.0,1.0,0.0,0.0,0.0,FALSE
1.55,252.42,0.19,0.24,106.44,104718.0,1.0,0.0,0.0,0.0,FALSE
2.05,961.95,0.12,0.24,2.62,380183.0,1.0,0.0,0.0,0.0,FALSE
1.57,888.32,0.12,0.11,135.26,243791.0,1.0,0.0,0.0,0.0,FALSE
1.82,676.19,0.23,0.09,162.32,277271.0,1.0,0.0,0.0,0.0,FALSE
2.16,393.96,0.08,0.15,29.7,28989.0,1.0,0.0,0.0,0.0,FALSE
2.38,834.01,0.15,0.21,137.9,455635.0,1.0,0.0,0.0,0.0,FALSE
2.6,799.67,0.19,0.22,12.15,284786.0,1.0,0.0,0.0,0.0,FALSE
1.68,463.43,0.2,0.15,80.15,437777.0,1.0,0.0,0.0,0.0,FALSE
2.63,431.54,0.23,0.23,113.17,39251.0,1.0,0.0,0.0,0.0,FALSE
2.46,914.92,0.2,0.08,166.88,247915.0,1.0,0.0,0.0,0.0,FALSE
1.66,106.48,0.09,0.1,108.22,470835.0,1.0,0.0,0.0,0.0,FALSE
1.67,844.16,0.1,0.14,73.58,201547.0,1.0,0.0,0.0,0.0,FALSE
1.67,253.11,0.09,0.08,61.13,396494.0,1.0,0.0,0.0,0.0,FALSE
1.63,203.0,0.1,0.25,73.72,89620.0,1.0,0.0,0.0,0.0,FALSE
2.14,441.71,0.2,0.21,121.83,139513.0,1.0,0.0,0.0,0.0,FALSE
2.62,822.68,0.19,0.11,33.99,260754.0,1.0,0.0,0.0,0.0,FALSE
2.47,163.92,0.07,0.08,76.05,29382.0,1.0,0.0,0.0,0.0,FALSE
2.09,105.27,0.25,0.08,2.51,355126.0,1.0,0.0,0.0,0.0,FALSE
1.94,375.82,0.12,0.12,101.23,90968.0,1.0,0.0,0.0,0.0,FALSE
2.33,451.12,0.18,0.16,98.82,399774.0,1.0,0.0,0.0,0.0,FALSE
2.3,749.43,0.13,0.19,126.9,380763.0,1.0,0.0,0.0,0.0,FALSE
1.78,228.52,0.24,0.12,35.43,113212.0,1.0,0.0,0.0,0.0,FALSE
2.4,164.32,0.13,0.15,131.98,290396.0,1.0,0.0,0.0,0.0,FALSE
2.42,816.04,0.19,0.11,39.28,303862.0,1.0,0.0,0.0,0.0,FALSE
1.86,235.68,0.12,0.08,2.08,356163.0,1.0,0.0,0.0,0.0,FALSE
1.5,131.49,0.19,0.18,147.42,499943.0,1.0,0.0,0.0,0.0,FALSE
2.36,667.63,0.1,0.09,124.18,49840.0,1.0,0.0,0.0,0.0,FALSE
1.97,968.94,0.17,0.19,100.91,158458.0,1.0,0.0,0.0,0.0,FALSE
1.74,950.16,0.23,0.24,123.96,445763.0,1.0,0.0,0.0,0.0,FALSE
2.18,602.9,0.15,0.23,153.23,397578.0,1.0,0.0,0.0,0.0,FALSE
2.65,495.64,0.21,0.25,152.8,260676.0,1.0,0.0,0.0,0.0,FALSE
2.36,301.99,0.23,0.15,72.7,300145.0,1.0,0.0,0.0,0.0,FALSE
2.21,342.75,0.25,0.11,89.03,482394.0,1.0,0.0,0.0,0.0,FALSE
1.59,968.31,0.13,0.09,162.76,157009.0,1.0,0.0,0.0,0.0,FALSE
2.32,621.65,0.09,0.17,7.78,245438.0,1.0,0.0,0.0,0.0,FALSE
1.96,226.45,0.25,0.18,86.48,384766.0,1.0,0.0,0.0,0.0,FALSE
2.63,323.49,0.18,0.13,117.85,33616.0,1.0,0.0,0.0,0.0,FALSE
2.66,532.44,0.17,0.19,143.89,258312.0,1.0,0.0,0.0,0.0,FALSE
2.33,812.27,0.08,0.13,35.63,81120.0,1.0,0.0,0.0,0.0,FALSE
1.89,328.58,0.17,0.19,68.18,100276.0,1.0,0.0,0.0,0.0,FALSE
1.82,556.66,0.1,0.21,148.15,135156.0,1.0,0.0,0.0,0.0,FALSE
1.59,847.06,0.13,0.21,59.81,295140.0,1.0,0.0,0.0,0.0,FALSE
2.05,857.44,0.16,0.23,63.93,366610.0,1.0,0.0,0.0,0.0,FALSE
1.56,268.32,0.1,0.19,162.49,242024.0,1.0,0.0,0.0,0.0,FALSE
2.3,904.05,0.08,0.13,7.3,440208.0,1.0,0.0,0.0,0.0,FALSE
1.64,128.56,0.23,0.08,162.78,448637.0,1.0,0.0,0.0,0.0,FALSE
2.39,723.46,0.24,0.1,4.03,106456.0,1.0,0.0,0.0,0.0,FALSE
2.21,650.69,0.2,0.2,161.22,337100.0,1.0,0.0,0.0,0.0,FALSE
2.63,949.96,0.2,0.09,127.45,88894.0,1.0,0.0,0.0,0.0,FALSE
2.01,529.41,0.18,0.11,36.21,277619.0,1.0,0.0,0.0,0.0,FALSE
2.68,110.21,0.19,0.22,26.43,354646.0,1.0,0.0,0.0,0.0,FALSE
1.72,371.89,0.11,0.12,179.6,161893.0,1.0,0.0,0.0,0.0,FALSE
1.91,158.58,0.18,0.23,24.96,106416.0,1.0,0.0,0.0,0.0,FALSE
1.98,102.72,0.19,0.16,164.29,476694.0,1.0,0.0,0.0,0.0,FALSE
2.49,280.06,0.09,0.17,92.58,453762.0,1.0,0.0,0.0,0.0,FALSE
2.43,773.95,0.12,0.08,25.27,12923.0,1.0,0.0,0.0,0.0,FALSE
1.9,912.21,0.2,0.11,105.09,200808.0,1.0,0.0,0.0,0.0,FALSE
2.43,300.57,0.1,0.22,105.26,50834.0,1.0,0.0,0.0,0.0,FALSE
2.44,351.34,0.09,0.08,168.82,317737.0,1.0,0.0,0.0,0.0,FALSE
2.05,371.27,0.24,0.25,67.25,498140.0,1.0,0.0,0.0,0.0,FALSE
2.46,610.19,0.23,0.18,159.11,182734.0,1.0,0.0,0.0,0.0,FALSE
2.28,113.66,0.23,0.08,69.33,445573.0,1.0,0.0,0.0,0.0,FALSE
1.82,291.35,0.12,0.17,96.09,287176.0,1.0,0.0,0.0,0.0,FALSE
2.61,874.24,0.18,0.17,53.04,439965.0,1.0,0.0,0.0,0.0,FALSE
2.56,778.14,0.1,0.11,73.77,421712.0,1.0,0.0,0.0,0.0,FALSE
2.61,272.47,0.1,0.16,76.24,255899.0,1.0,0.0,0.0,0.0,FALSE
1.84,215.42,0.14,0.14,149.37,141952.0,1.0,0.0,0.0,0.0,FALSE
2.35,500.2,0.18,0.24,81.03,111208.0,1.0,0.0,0.0,0.0,FALSE
2.55,211.17,0.08,0.08,106.19,353473.0,1.0,0.0,0.0,0.0,FALSE
1.68,430.2,0.11,0.25,28.21,411303.0,1.0,0.0,0.0,0.0,FALSE
1.55,592.79,0.23,0.11,177.5,437101.0,1.0,0.0,0.0,0.0,FALSE
2.04,474.41,0.25,0.09,141.94,207042.0,1.0,0.0,0.0,0.0,FALSE
1.52,740.52,0.14,0.17,84.88,27973.0,1.0,0.0,0.0,0.0,FALSE
2.68,118.5,0.15,0.12,13.91,84736.0,1.0,0.0,0.0,0.0,FALSE
2.62,460.18,0.24,0.18,107.64,335325.0,1.0,0.0,0.0,0.0,FALSE
2.5,488.61,0.14,0.2,174.72,495647.0,1.0,0.0,0.0,0.0,FALSE
2.36,198.55,0.24,0.08,116.83,368797.0,1.0,0.0,0.0,0.0,FALSE
2.22,627.54,0.14,0.19,134.75,439422.0,1.0,0.0,0.0,0.0,FALSE
2.23,169.99,0.1,0.16,67.44,151041.0,1.0,0.0,0.0,0.0,FALSE
1.58,247.11,0.16,0.21,109.47,156882.0,1.0,0.0,0.0,0.0,FALSE
2.38,545.27,0.14,0.21,50.76,52464.0,1.0,0.0,0.0,0.0,FALSE
1.51,473.03,0.16,0.2,120.06,327508.0,1.0,0.0,0.0,0.0,FALSE
2.66,239.87,0.23,0.16,40.54,318392.0,1.0,0.0,0.0,0.0,FALSE
2.23,550.15,0.09,0.09,41.38,192721.0,1.0,0.0,0.0,0.0,FALSE
2.56,424.24,0.2,0.08,39.5,54208.0,1.0,0.0,0.0,0.0,FALSE
2.24,674.82,0.19,0.13,32.92,368109.0,1.0,0.0,0.0,0.0,FALSE
1.99,151.09,0.16,0.2,64.98,464110.0,1.0,0.0,0.0,0.0,FALSE
2.63,219.8,0.24,0.22,99.53,480505.0,1.0,0.0,0.0,0.0,FALSE
1.61,839.98,0.09,0.1,68.38,144703.0,1.0,0.0,0.0,0.0,FALSE
2.54,958.66,0.18,0.21,42.47,202850.0,1.0,0.0,0.0,0.0,FALSE
2.18,815.56,0.13,0.2,54.56,258448.0,1.0,0.0,0.0,0.0,FALSE
2.38,504.29,0.12,0.23,113.27,356663.0,1.0,0.0,0.0,0.0,FALSE
1.72,917.07,0.07,0.21,167.54,122604.0,1.0,0.0,0.0,0.0,FALSE
2.47,557.19,0.2,0.23,16.15,179460.0,1.0,0.0,0.0,0.0,FALSE
1.75,100.67,0.23,0.14,106.07,472980.0,1.0,0.0,0.0,0.0,FALSE
1.71,309.23,0.08,0.14,68.02,237137.0,1.0,0.0,0.0,0.0,FALSE
1.83,819.32,0.24,0.09,137.38,206755.0,1.0,0.0,0.0,0.0,FALSE
2.67,806.0,0.21,0.07,176.33,421693.0,1.0,0.0,0.0,0.0,FALSE
2.25,566.17,0.13,0.11,170.72,272818.0,1.0,0.0,0.0,0.0,FALSE
2.7,199.02,0.23,0.14,33.17,400477.0,1.0,0.0,0.0,0.0,FALSE
1.85,982.65,0.18,0.24,10.04,95042.0,1.0,0.0,0.0,0.0,FALSE
1.65,933.93,0.16,0.2,43.13,17390.0,1.0,0.0,0.0,0.0,FALSE
1.92,411.5,0.22,0.1,3.08,77257.0,1.0,0.0,0.0,0.0,FALSE
2.33,458.22,0.16,0.13,48.2,316066.0,1.0,0.0,0.0,0.0,FALSE
2.34,570.12,0.08,0.07,147.02,39964.0,1.0,0.0,0.0,0.0,FALSE
2.15,774.44,0.13,0.19,114.25,263342.0,1.0,0.0,0.0,0.0,FALSE
2.35,434.66,0.18,0.22,30.77,189188.0,1.0,0.0,0.0,0.0,FALSE
2.43,777.12,0.08,0.24,141.53,385544.0,1.0,0.0,0.0,0.0,FALSE
2.2,352.77,0.09,0.23,123.37,421934.0,1.0,0.0,0.0,0.0,FALSE
1.98,100.25,0.14,0.08,120.38,261232.0,1.0,0.0,0.0,0.0,FALSE
2.33,213.76,0.07,0.22,98.78,73985.0,1.0,0.0,0.0,0.0,FALSE
2.49,322.57,0.24,0.15,171.19,118082.0,1.0,0.0,0.0,0.0,FALSE
2.1,616.88,0.1,0.15,115.66,331392.0,1.0,0.0,0.0,0.0,FALSE
1.76,655.62,0.22,0.1,4.7,16983.0,1.0,0.0,0.0,0.0,FALSE
1.65,577.29,0.09,0.17,90.98,267736.0,1.0,0.0,0.0,0.0,FALSE
2.13,489.37,0.15,0.12,179.7,452068.0,1.0,0.0,0.0,0.0,FALSE
2.36,991.48,0.12,0.18,179.08,278718.0,1.0,0.0,0.0,0.0,FALSE
1.5,891.34,0.23,0.18,110.69,341179.0,1.0,0.0,0.0,0.0,FALSE
2.16,859.47,0.18,0.1,83.54,265889.0,1.0,0.0,0.0,0.0,FALSE
1.86,428.91,0.21,0.2,28.24,309402.0,1.0,0.0,0.0,0.0,FALSE
1.7,654.19,0.23,0.12,66.12,43160.0,1.0,0.0,0.0,0.0,FALSE
2.47,842.41,0.07,0.11,147.88,346577.0,1.0,0.0,0.0,0.0,FALSE
2.26,964.57,0.09,0.08,114.76,282972.0,1.0,0.0,0.0,0.0,FALSE
2.67,923.97,0.22,0.23,95.19,432870.0,1.0,0.0,0.0,0.0,FALSE
1.91,823.39,0.11,0.1,15.53,301885.0,1.0,0.0,0.0,0.0,FALSE
2.59,153.3,0.25,0.1,121.4,7719.0,1.0,0.0,0.0,0.0,FALSE
2.38,604.8,0.14,0.22,8.89,474757.0,1.0,0.0,0.0,0.0,FALSE
2.29,715.44,0.17,0.18,146.27,275474.0,1.0,0.0,0.0,0.0,FALSE
2.47,125.44,0.18,0.17,56.32,3812.0,1.0,0.0,0.0,0.0,FALSE
1.74,539.04,0.15,0.14,122.39,99884.0,1.0,0.0,0.0,0.0,FALSE
1.99,190.08,0.12,0.2,179.94,273679.0,1.0,0.0,0.0,0.0,FALSE
1.66,716.69,0.23,0.16,76.32,403693.0,1.0,0.0,0.0,0.0,FALSE
2.02,909.53,0.13,0.17,69.0,178301.0,1.0,0.0,0.0,0.0,FALSE
1.51,362.49,0.17,0.18,122.64,469703.0,1.0,0.0,0.0,0.0,FALSE
2.42,135.1,0.1,0.15,127.16,212554.0,1.0,0.0,0.0,0.0,FALSE
2.55,601.55,0.25,0.19,146.35,337898.0,1.0,0.0,0.0,0.0,FALSE
1.51,251.45,0.14,0.1,178.05,115045.0,1.0,0.0,0.0,0.0,FALSE
2.03,498.67,0.14,0.1,131.4,155931.0,1.0,0.0,0.0,0.0,FALSE
2.38,969.66,0.19,0.17,106.77,292874.0,1.0,0.0,0.0,0.0,FALSE
2.61,798.03,0.23,0.21,125.73,468420.0,1.0,0.0,0.0,0.0,FALSE
2.18,497.54,0.14,0.23,57.07,275090.0,1.0,0.0,0.0,0.0,FALSE
2.02,433.36,0.14,0.12,10.02,433910.0,1.0,0.0,0.0,0.0,FALSE
2.57,767.05,0.12,0.24,6.74,280529.0,1.0,0.0,0.0,0.0,FALSE
2.0,462.29,0.08,0.12,7.31,193941.0,1.0,0.0,0.0,0.0,FALSE
2.43,957.14,0.16,0.11,72.58,225512.0,1.0,0.0,0.0,0.0,FALSE
2.28,817.97,0.24,0.13,158.32,253098.0,1.0,0.0,0.0,0.0,FALSE
1.78,896.87,0.11,0.16,168.66,473977.0,1.0,0.0,0.0,0.0,FALSE
1.61,612.99,0.18,0.13,111.39,372536.0,1.0,0.0,0.0,0.0,FALSE
2.23,214.09,0.09,0.09,4.15,314559.0,1.0,0.0,0.0,0.0,FALSE
2.62,263.65,0.11,0.11,8.44,491455.0,1.0,0.0,0.0,0.0,FALSE
1.81,426.38,0.16,0.16,31.37,98266.0,1.0,0.0,0.0,0.0,FALSE
2.0,175.32,0.1,0.09,28.09,203566.0,1.0,0.0,0.0,0.0,FALSE
1.94,325.47,0.16,0.13,21.31,428973.0,1.0,0.0,0.0,0.0,FALSE
1.94,974.9,0.09,0.15,128.26,381403.0,1.0,0.0,0.0,0.0,FALSE
2.37,677.21,0.24,0.23,110.03,227051.0,1.0,0.0,0.0,0.0,FALSE
2.59,159.45,0.24,0.17,13.97,459853.0,1.0,0.0,0.0,0.0,FALSE
1.53,475.33,0.11,0.24,162.76,48557.0,1.0,0.0,0.0,0.0,FALSE
1.75,913.18,0.13,0.12,57.07,5297.0,1.0,0.0,0.0,0.0,FALSE
1.64,129.02,0.1,0.18,109.21,360397.0,1.0,0.0,0.0,0.0,FALSE
2.01,800.59,0.18,0.23,160.87,291245.0,1.0,0.0,0.0,0.0,FALSE
1.78,421.84,0.19,0.1,99.54,214707.0,1.0,0.0,0.0,0.0,FALSE
1.85,454.04,0.08,0.1,109.24,25369.0,1.0,0.0,0.0,0.0,FALSE
1.71,713.59,0.13,0.11,72.53,6367.0,1.0,0.0,0.0,0.0,FALSE
2.56,957.91,0.19,0.23,36.32,43672.0,1.0,0.0,0.0,0.0,FALSE
2.66,125.58,0.08,0.14,5.48,358726.0,1.0,0.0,0.0,0.0,FALSE
2.07,301.15,0.12,0.17,149.47,307401.0,1.0,0.0,0.0,0.0,FALSE
2.57,958.55,0.25,0.12,125.92,237443.0,1.0,0.0,0.0,0.0,FALSE
1.61,655.86,0.24,0.24,173.35,129682.0,1.0,0.0,0.0,0.0,FALSE
2.28,443.83,0.24,0.23,38.02,215009.0,1.0,0.0,0.0,0.0,FALSE
2.08,545.77,0.17,0.09,72.74,451143.0,1.0,0.0,0.0,0.0,FALSE
1.69,838.09,0.17,0.21,126.75,345621.0,1.0,0.0,0.0,0.0,FALSE
1.72,763.54,0.24,0.21,73.59,430474.0,1.0,0.0,0.0,0.0,FALSE
2.29,537.08,0.25,0.19,148.78,291483.0,1.0,0.0,0.0,0.0,FALSE
2.68,814.86,0.16,0.22,158.82,236933.0,1.0,0.0,0.0,0.0,FALSE
2.23,857.59,0.12,0.13,144.41,499727.0,1.0,0.0,0.0,0.0,FALSE
2.38,458.79,0.23,0.21,100.9,118912.0,1.0,0.0,0.0,0.0,FALSE
1.56,724.07,0.09,0.14,141.61,223881.0,1.0,0.0,0.0,0.0,FALSE
2.68,665.24,0.17,0.21,64.24,13360.0,1.0,0.0,0.0,0.0,FALSE
2.23,746.21,0.17,0.18,153.86,264891.0,1.0,0.0,0.0,0.0,FALSE
2.48,194.66,0.24,0.11,17.21,413007.0,1.0,0.0,0.0,0.0,FALSE
1.89,137.79,0.23,0.11,108.21,248622.0,1.0,0.0,0.0,0.0,FALSE
1.92,152.36,0.2,0.24,49.52,208357.0,1.0,0.0,0.0,0.0,FALSE
1.54,166.72,0.16,0.08,136.87,104592.0,1.0,0.0,0.0,0.0,FALSE
1.56,188.68,0.12,0.21,102.51,18641.0,1.0,0.0,0.0,0.0,FALSE
2.69,189.88,0.11,0.2,79.33,206587.0,1.0,0.0,0.0,0.0,FALSE
2.28,804.14,0.19,0.25,18.72,4055.0,1.0,0.0,0.0,0.0,FALSE
2.02,553.04,0.2,0.23,55.06,72238.0,1.0,0.0,0.0,0.0,FALSE
2.53,941.06,0.21,0.25,7.81,9955.0,1.0,0.0,0.0,0.0,FALSE
2.54,420.23,0.14,0.18,161.32,164165.0,1.0,0.0,0.0,0.0,FALSE
2.35,150.09,0.11,0.09,39.04,280819.0,1.0,0.0,0.0,0.0,FALSE
2.28,382.87,0.1,0.19,67.89,69073.0,1.0,0.0,0.0,0.0,FALSE
2.23,663.91,0.09,0.21,11.05,433201.0,1.0,0.0,0.0,0.0,FALSE
1.71,794.7,0.18,0.14,3.2,430502.0,1.0,0.0,0.0,0.0,FALSE
2.59,787.05,0.1,0.18,40.78,296411.0,1.0,0.0,0.0,0.0,FALSE
1.97,776.84,0.18,0.14,97.14,19972.0,1.0,0.0,0.0,0.0,FALSE
1.63,602.12,0.18,0.24,98.13,59283.0,1.0,0.0,0.0,0.0,FALSE
1.93,177.38,0.22,0.07,25.77,308783.0,1.0,0.0,0.0,0.0,FALSE
2.18,177.86,0.07,0.11,110.41,96183.0,1.0,0.0,0.0,0.0,FALSE
1.85,855.93,0.16,0.22,150.82,21005.0,1.0,0.0,0.0,0.0,FALSE
2.13,600.77,0.07,0.2,27.59,133553.0,1.0,0.0,0.0,0.0,FALSE
1.69,429.38,0.22,0.08,72.87,280735.0,1.0,0.0,0.0,0.0,FALSE
1.97,850.98,0.22,0.17,24.96,167793.0,1.0,0.0,0.0,0.0,FALSE
2.19,592.21,0.17,0.22,175.32,376277.0,1.0,0.0,0.0,0.0,FALSE
2.55,191.02,0.08,0.11,1.83,382830.0,1.0,0.0,0.0,0.0,FALSE
2.33,130.92,0.12,0.22,90.18,162711.0,1.0,0.0,0.0,0.0,FALSE
2.35,762.65,0.12,0.09,158.02,319989.0,1.0,0.0,0.0,0.0,FALSE
2.67,284.94,0.16,0.1,91.99,94399.0,1.0,0.0,0.0,0.0,FALSE
2.12,963.19,0.15,0.24,68.72,204514.0,1.0,0.0,0.0,0.0,FALSE
1.7,105.34,0.13,0.2,33.59,34549.0,1.0,0.0,0.0,0.0,FALSE
2.21,687.72,0.21,0.23,104.33,293018.0,1.0,0.0,0.0,0.0,FALSE
1.73,896.53,0.21,0.25,69.04,448379.0,1.0,0.0,0.0,0.0,FALSE
2.03,196.25,0.12,0.2,76.91,294913.0,1.0,0.0,0.0,0.0,FALSE
1.87,838.66,0.23,0.24,60.78,299164.0,1.0,0.0,0.0,0.0,FALSE
2.27,391.24,0.23,0.21,10.93,296292.0,1.0,0.0,0.0,0.0,FALSE
2.14,819.16,0.17,0.1,118.45,126801.0,1.0,0.0,0.0,0.0,FALSE
2.18,226.95,0.12,0.23,41.86,216913.0,1.0,0.0,0.0,0.0,FALSE
1.73,104.4,0.22,0.14,2.52,260538.0,1.0,0.0,0.0,0.0,FALSE
1.96,948.56,0.08,0.21,17.31,411746.0,1.0,0.0,0.0,0.0,FALSE
2.43,615.69,0.15,0.22,5.49,462097.0,1.0,0.0,0.0,0.0,FALSE
2.14,199.4,0.14,0.12,90.29,232143.0,1.0,0.0,0.0,0.0,FALSE
2.04,530.29,0.19,0.12,89.68,335054.0,1.0,0.0,0.0,0.0,FALSE
2.44,876.34,0.09,0.14,142.47,87228.0,1.0,0.0,0.0,0.0,FALSE
1.95,471.84,0.11,0.09,61.74,99884.0,1.0,0.0,0.0,0.0,FALSE
2.55,529.89,0.13,0.14,126.83,339639.0,1.0,0.0,0.0,0.0,FALSE
2.15,239.46,0.16,0.07,142.29,248541.0,1.0,0.0,0.0,0.0,FALSE
2.12,668.02,0.19,0.1,61.44,75548.0,1.0,0.0,0.0,0.0,FALSE
1.75,463.91,0.16,0.19,7.23,15525.0,1.0,0.0,0.0,0.0,FALSE
2.25,843.27,0.21,0.12,114.73,90609.0,1.0,0.0,0.0,0.0,FALSE
2.63,823.43,0.23,0.21,165.41,5500.0,1.0,0.0,0.0,0.0,FALSE
1.67,917.75,0.22,0.2,135.75,162016.0,1.0,0.0,0.0,0.0,FALSE
1.68,164.17,0.11,0.18,147.15,214480.0,1.0,0.0,0.0,0.0,FALSE
2.38,699.24,0.15,0.09,1.12,120012.0,1.0,0.0,0.0,0.0,FALSE
2.33,701.12,0.22,0.14,171.48,227274.0,1.0,0.0,0.0,0.0,FALSE
2.29,867.72,0.18,0.17,44.61,224171.0,1.0,0.0,0.0,0.0,FALSE
1.61,978.37,0.17,0.18,157.66,168604.0,1.0,0.0,0.0,0.0,FALSE
1.7,495.36,0.25,0.2,95.83,404535.0,1.0,0.0,0.0,0.0,FALSE
1.61,132.13,0.08,0.22,130.93,383267.0,1.0,0.0,0.0,0.0,FALSE
2.25,431.85,0.11,0.21,112.11,354259.0,1.0,0.0,0.0,0.0,FALSE
2.26,554.11,0.17,0.08,153.11,399849.0,1.0,0.0,0.0,0.0,FALSE
2.33,565.97,0.14,0.17,43.08,184304.0,1.0,0.0,0.0,0.0,FALSE
1.94,219.58,0.11,0.14,143.64,202656.0,1.0,0.0,0.0,0.0,FALSE
1.6,959.09,0.2,0.24,90.43,417879.0,1.0,0.0,0.0,0.0,FALSE
1.6,966.97,0.1,0.15,161.14,387943.0,1.0,0.0,0.0,0.0,FALSE
